CDD_ID_A,CDD_ID_D,CDD_ID_DATE,APPELLAN,APPELANT TYPE,APPELLEE,APPELEE TYPE,,
2-05-8700052,NA,2-05-8700052-1987-05-03,B.F. ET AL,BIZ,KENNECOTT ET A,BIZ,,B.F. ET AL v. KENNECOTT ET A
1-01-8701786,NA,1-01-8701786-1988-08-03,BEGGS & COBB,BIZ,CANNON,BIZ,,BEGGS & COBB v. CANNON
5-3L-1002179,NA,5-3L-1002179-2010-08-10,BP EXPLORATION & PRO,BIZ,"TRANSOCEAN, LIMITED",BIZ,,"BP EXPLORATION & PRO v. TRANSOCEAN, LIMITED"
1-01-8701786,NA,1-01-8701786-1988-08-03,"BRASS, INC.",BIZ,CANNONS ENG,BIZ,,"BRASS, INC. v. CANNONS ENG"
1-03-1100023,NA,1-03-1100023-2011-01-26,CNA HOLDINGS LLC,BIZ,"BLACK & DECKER, INC.",BIZ,,"CNA HOLDINGS LLC v. BLACK & DECKER, INC."
1-01-8701786,NA,1-01-8701786-1988-08-03,CROWN ROLL LEAF,BIZ,CANNONS ENG,BIZ,,CROWN ROLL LEAF v. CANNONS ENG
1-01-8701786,NA,1-01-8701786-1988-08-03,CYN OIL,BIZ,CANNONS ENG,BIZ,,CYN OIL v. CANNONS ENG
9-73-8308034,NA,9-73-8308034-1983-12-09,GOODYEAR,BIZ,CADILLAC,BIZ,,GOODYEAR v. CADILLAC
9-73-8307996,NA,9-73-8307996-1983-12-09,MICHELIN,BIZ,CADILLAC,BIZ,,MICHELIN v. CADILLAC
2-05-8700052,NA,2-05-8700052-1987-05-03,NAUGATUCK ET AL,BIZ,KERITE ET AL,BIZ,,NAUGATUCK ET AL v. KERITE ET AL
1-01-8701786,NA,1-01-8701786-1989-08-03,OLIN HUNT,BIZ,CANNONS,BIZ,,OLIN HUNT v. CANNONS
8-63-8700021,NA,8-63-8700021-1987-02-26,ACETO AGRICULTUR,BIZ,USA STATE,FED,,ACETO AGRICULTUR v. USA STATE
6-45-9675279,NA,6-45-9675279-1996-11-18,AKZO,BIZ,USA,FED,,AKZO v. USA
6-45-9675279,NA,6-45-9675279-1996-11-18,AKZO,BIZ,USA,FED,,AKZO v. USA
9-81-9400940,NA,9-81-9400940-1994-08-05,AMERICAN ET AL,BIZ,NATIONAL ET AL,FED,,AMERICAN ET AL v. NATIONAL ET AL
9-79-9400940,NA,9-79-9400940-1995-02-10,AMERICAN ET AL,BIZ,NATIONAL ET AL,FED,,AMERICAN ET AL v. NATIONAL ET AL
8-64-0301555,NA,8-64-0301555-2003-07-24,AMERICAN ET AL,BIZ,U.S. ET AL,FED,,AMERICAN ET AL v. U.S. ET AL
9-71-2100349,NA,9-71-2100349-2021-01-14,AMERICAN FARM BUREAU,BIZ,U.S. DEPARTMENT OF T,FED,,AMERICAN FARM BUREAU v. U.S. DEPARTMENT OF T
9-71-2100561,NA,9-71-2100561-2021-01-25,AMERICAN FARM BUREAU,BIZ,U.S. DEPARTMENT OF T,FED,,AMERICAN FARM BUREAU v. U.S. DEPARTMENT OF T
0-90-0700484,NA,0-90-0700484-2007-03-13,AMERICAN FOREST RESO,BIZ,HALL,FED,,AMERICAN FOREST RESO v. HALL
10-82-9602339,NA,10-82-9602339-1996-10-07,CAMBRIDGE ET AL,BIZ,GSA ET AL,FED,,CAMBRIDGE ET AL v. GSA ET AL
2-08-0800085,NA,2-08-0800085-1991-09-10,CLAIROL,BIZ,USA ET AL,FED,,CLAIROL v. USA ET AL
1-01-9312825,NA,1-01-9312825-1993-12-02,"COMPANY, ET AL",BIZ,USA,FED,,"COMPANY, ET AL v. USA"
2-05-9400112,NA,2-05-9400112-1994-04-04,CONSTRUCTION,BIZ,USA ET AL,FED,,CONSTRUCTION v. USA ET AL
8-64-8000469,NA,8-64-8000469-1980-09-11,DAIKIN APPLIED AMERI,BIZ,UNITED STATES OF AME,FED,,DAIKIN APPLIED AMERI v. UNITED STATES OF AME
8-63-9200375,NA,8-63-9200375-1992-06-10,DICO,BIZ,DIAMOND ET AL,FED,,DICO v. DIAMOND ET AL
1-01-0401225,NA,1-01-0401225-2004-10-22,DOMINION,BIZ,JOHNSON ET AL,FED,,DOMINION v. JOHNSON ET AL
9-79-1400951,NA,9-79-1400951-2014-06-13,"EASON LAND CO., LLC",BIZ,U.S. DEPARTMENT OF T,FED,,"EASON LAND CO., LLC v. U.S. DEPARTMENT OF T"
4-25-8900642,NA,4-25-8900642-1989-05-30,FIBER,BIZ,US ET AL,FED,,FIBER v. US ET AL
9-76-9800406,NA,9-76-9800406-1998-10-20,FMC ET AL,BIZ,USA,FED,,FMC ET AL v. USA
9-77-0400022,NA,9-77-0400022-2003-05-15,GOODRICH ET AL,BIZ,USFS ET AL,FED,,GOODRICH ET AL v. USFS ET AL
9-77-9400108,NA,9-77-9400108-1994-08-30,INLAND ET AL,BIZ,U.S.,FED,,INLAND ET AL v. U.S.
9-77-1600053,NA,9-77-1600053-2016-04-05,LIBBY PLACER MINING,BIZ,UNITED STATES DEPART,FED,,LIBBY PLACER MINING v. UNITED STATES DEPART
3-14-0900821,NA,3-14-0900821-2009-04-30,LOCKHEED MARTIN CORP,BIZ,UNITED STATES OF AME,FED,,LOCKHEED MARTIN CORP v. UNITED STATES OF AME
3-12-8504386,NA,3-12-8504386-1985-09-10,MANOR HEALTH CAR,BIZ,USA,FED,,MANOR HEALTH CAR v. USA
6-45-8510309,NA,6-45-8510309-1985-06-28,MONITOR,BIZ,USA,FED,,MONITOR v. USA
0-90-7801712,NA,0-90-7801712-1978-09-12,MONONGAHELA POWE,BIZ,"JOHN O. MARSH,",FED,,"MONONGAHELA POWE v. JOHN O. MARSH,"
3-13-8503060,NA,3-13-8503060-1985-05-30,"NICOLET, INC.",BIZ,USA,FED,,"NICOLET, INC. v. USA"
9-81-9101156,NA,9-81-9101156-1992-07-20,NORTHWEST,BIZ,NATIONAL ET AL,FED,,NORTHWEST v. NATIONAL ET AL
9-81-0400666,NA,9-81-0400666-2004-03-03,NW,BIZ,NMFS ET AL,FED,,NW v. NMFS ET AL
9-72-1201303,NA,9-72-1201303-2012-04-30,PACIFIC COAST FEDERA,BIZ,UNITED STATES DEPART,FED,,PACIFIC COAST FEDERA v. UNITED STATES DEPART
1-04-1502328,NA,1-04-1502328-2015-09-25,PUERTO RICO INDUSTRI,BIZ,UNITED STATES,FED,,PUERTO RICO INDUSTRI v. UNITED STATES
9-7--9800006,NA,9-7--9800006-1998-03-20,S&S,BIZ,USACE ET AL,FED,,S&S v. USACE ET AL
9-81-8300252,NA,9-81-8300252-1983-02-25,STANDARD ET AL,BIZ,USA,FED,,STANDARD ET AL v. USA
8-63-0200352,NA,8-63-0200352-2002-07-19,TITAN,BIZ,EPA,FED,,TITAN v. EPA
9-81-9201025,NA,9-81-9201025-1992-06-30,TRIDENT,BIZ,USA,FED,,TRIDENT v. USA
3-13-8503060,NA,3-13-8503060-1985-05-30,TURNER&NEWALL PL,BIZ,USA,FED,,TURNER&NEWALL PL v. USA
9-73-9100589,NA,9-73-9100589-1992-08-21,UNION OIL COMPANY OF,BIZ,UNITED STATES OF AME,FED,,UNION OIL COMPANY OF v. UNITED STATES OF AME
9-73-9400127,NA,9-73-9400127-1994-10-20,VISTA,BIZ,USA,FED,,VISTA v. USA
0-90-8801812,NA,0-90-8801812-1988-07-01,LLOYD MYERS CO,BIZ,LYNG,IND,,LLOYD MYERS CO v. LYNG
9-79-9406323,NA,9-79-9406323-1994-09-26,WESTERN,BIZ,GLICKMAN ET AL,IND,,WESTERN v. GLICKMAN ET AL
9-79-9406323,NA,9-79-9406323-1994-09-26,WESTERN ET AL,BIZ,GLICKMAN ET AL,IND,,WESTERN ET AL v. GLICKMAN ET AL
5-39-9100255,NA,5-39-9100255-1991-04-09,DOW,BIZ,CAMANCHE,LOC,,DOW v. CAMANCHE
8-64-8600867,NA,8-64-8600867-1986-08-26,AMER FARM BUREAU,BIZ,DEFENDERS,NGO,,AMER FARM BUREAU v. DEFENDERS
9-71-2100344,NA,9-71-2100344-2021-01-14,AMERICAN FARM BUREAU,BIZ,DEFENDERS OF WILDLIF,NGO,,AMERICAN FARM BUREAU v. DEFENDERS OF WILDLIF
9-72-1802785,NA,9-72-1802785-2018-10-16,AMERICAN FOREST RESO,BIZ,KLAMATH-SISKIYOU WIL,NGO,,AMERICAN FOREST RESO v. KLAMATH-SISKIYOU WIL
9-77-1900044,NA,9-77-1900044-2019-07-01,AMERICAN GAS ASSOCIA,BIZ,NORTHERN PLAINS RESO,NGO,,AMERICAN GAS ASSOCIA v. NORTHERN PLAINS RESO
0-90-2102317,NA,0-90-2102317-2021-08-31,AMERICAN PETROLEUM I,BIZ,FRIENDS OF THE EARTH,NGO,,AMERICAN PETROLEUM I v. FRIENDS OF THE EARTH
9-76-1800187,NA,9-76-1800187-2018-04-30,ANSCHUTZ EXPLORATION,BIZ,WESTERN WATERSHEDS P,NGO,,ANSCHUTZ EXPLORATION v. WESTERN WATERSHEDS P
9-76-1800187,NA,9-76-1800187-2018-04-30,ANSCHUTZ EXPLORATION,BIZ,WESTERN WATERSHEDS P,NGO,,ANSCHUTZ EXPLORATION v. WESTERN WATERSHEDS P
9-76-1800187,NA,9-76-1800187-2018-04-30,ANSCHUTZ EXPLORATION,BIZ,WESTERN WATERSHEDS P,NGO,,ANSCHUTZ EXPLORATION v. WESTERN WATERSHEDS P
9-76-1800187,NA,9-76-1800187-2018-04-30,BALLARD PETROLEUM HO,BIZ,WESTERN WATERSHEDS P,NGO,,BALLARD PETROLEUM HO v. WESTERN WATERSHEDS P
9-76-1800187,NA,9-76-1800187-2018-04-30,CHESAPEAKE EXPLORATI,BIZ,WESTERN WATERSHEDS P,NGO,,CHESAPEAKE EXPLORATI v. WESTERN WATERSHEDS P
9-76-1800187,NA,9-76-1800187-2018-04-30,CHESAPEAKE EXPLORATI,BIZ,WESTERN WATERSHEDS P,NGO,,CHESAPEAKE EXPLORATI v. WESTERN WATERSHEDS P
0-90-2102317,NA,0-90-2102317-2021-08-31,CHEVRON U.S.A. INC.,BIZ,FRIENDS OF THE EARTH,NGO,,CHEVRON U.S.A. INC. v. FRIENDS OF THE EARTH
9-73-2102507,NA,9-73-2102507-2021-03-23,"COMMUNITY BUILD, INC",BIZ,CENTER FOR BIOLOGICA,NGO,,"COMMUNITY BUILD, INC v. CENTER FOR BIOLOGICA"
0-90-0800764,NA,0-90-0800764-2008-12-04,CONSERVATION FORCE,BIZ,SAFARI CLUB INTERNAT,NGO,,CONSERVATION FORCE v. SAFARI CLUB INTERNAT
0-90-0800764,NA,0-90-0800764-2008-12-04,CONSERVATION FORCE,BIZ,SAFARI CLUB INTERNAT,NGO,,CONSERVATION FORCE v. SAFARI CLUB INTERNAT
9-79-0100640,NA,9-79-0100640-2001-05-03,INLAND PORTS AND NAV,BIZ,NATIONAL WILDLIFE FE,NGO,,INLAND PORTS AND NAV v. NATIONAL WILDLIFE FE
9-79-0100640,NA,9-79-0100640-2001-05-03,INLAND PORTS AND NAV,BIZ,NATIONAL WILDLIFE FE,NGO,,INLAND PORTS AND NAV v. NATIONAL WILDLIFE FE
9-79-0100640,NA,9-79-0100640-2001-05-03,INLAND PORTS AND NAV,BIZ,NATIONAL WILDLIFE FE,NGO,,INLAND PORTS AND NAV v. NATIONAL WILDLIFE FE
9-76-9400159,NA,9-76-9400159-1994-04-13,INTERMOUNTAIN ET,BIZ,PACIFIC ET AL,NGO,,INTERMOUNTAIN ET v. PACIFIC ET AL
9-81-1101759,NA,9-81-1101759-2011-10-21,KAISER ALUMINUM WASH,BIZ,SIERRA CLUB,NGO,,KAISER ALUMINUM WASH v. SIERRA CLUB
10-82-8400002,NA,10-82-8400002-1984-01-03,MOUNTAIN,BIZ,SIERRA ET AL,NGO,,MOUNTAIN v. SIERRA ET AL
9-76-1600083,NA,9-76-1600083-2016-02-25,NATIONAL CATTLEMEN'S,BIZ,WESTERN WATERSHEDS P,NGO,,NATIONAL CATTLEMEN'S v. WESTERN WATERSHEDS P
9-79-0100640,NA,9-79-0100640-2001-05-03,NORTHWEST RIVER PART,BIZ,NATIONAL WILDLIFE FE,NGO,,NORTHWEST RIVER PART v. NATIONAL WILDLIFE FE
9-79-0100640,NA,9-79-0100640-2001-05-03,NORTHWEST RIVER PART,BIZ,NATIONAL WILDLIFE FE,NGO,,NORTHWEST RIVER PART v. NATIONAL WILDLIFE FE
9-79-0100640,NA,9-79-0100640-2001-05-03,NORTHWEST RIVER PART,BIZ,NATIONAL WILDLIFE FE,NGO,,NORTHWEST RIVER PART v. NATIONAL WILDLIFE FE
9-79-0100640,NA,9-79-0100640-2001-05-03,NORTHWEST RIVER PART,BIZ,NATIONAL WILDLIFE FE,NGO,,NORTHWEST RIVER PART v. NATIONAL WILDLIFE FE
9-70-9817334,NA,9-70-9817334-1998-11-03,PHELPS-DODGE ET,BIZ,SOUTHWEST,NGO,,PHELPS-DODGE ET v. SOUTHWEST
9-79-2001395,NA,9-79-2001395-2020-08-17,SENECA SAWMILL COMPA,BIZ,CASCADIA WILDLANDS,NGO,,SENECA SAWMILL COMPA v. CASCADIA WILDLANDS
5-42-9600097,NA,5-42-9600097-1996-08-26,SOUTHWEST,BIZ,SIERRA,NGO,,SOUTHWEST v. SIERRA
9-77-1900044,NA,9-77-1900044-2019-07-01,TRANSCANADA KEYSTONE,BIZ,NORTHERN PLAINS RESO,NGO,,TRANSCANADA KEYSTONE v. NORTHERN PLAINS RESO
9-76-1800187,NA,9-76-1800187-2018-04-30,VERMILION ENERGY USA,BIZ,WESTERN WATERSHEDS P,NGO,,VERMILION ENERGY USA v. WESTERN WATERSHEDS P
9-71-0100421,NA,9-71-0100421-2004-04-30,WEST COAST SEAFOOD P,BIZ,NATURAL RESOURCES DE,NGO,,WEST COAST SEAFOOD P v. NATURAL RESOURCES DE
9-76-1600083,NA,9-76-1600083-2016-02-25,WESTERN ENERGY ALLIA,BIZ,WESTERN WATERSHEDS P,NGO,,WESTERN ENERGY ALLIA v. WESTERN WATERSHEDS P
9-76-1800187,NA,9-76-1800187-2018-04-30,WESTERN ENERGY ALLIA,BIZ,WESTERN WATERSHEDS P,NGO,,WESTERN ENERGY ALLIA v. WESTERN WATERSHEDS P
9-76-1800187,NA,9-76-1800187-2018-04-30,WESTERN ENERGY ALLIA,BIZ,WESTERN WATERSHEDS P,NGO,,WESTERN ENERGY ALLIA v. WESTERN WATERSHEDS P
9-76-1600083,NA,9-76-1600083-2016-02-25,WYOMING STOCK GROWER,BIZ,WESTERN WATERSHEDS P,NGO,,WYOMING STOCK GROWER v. WESTERN WATERSHEDS P
9-73-9856838,NA,9-73-9856838-1983-04-21,ALCAN ET AL,BIZ,PEOPLE ET AL,OTHER,,ALCAN ET AL v. PEOPLE ET AL
11-3C-8801886,NA,11-3C-8801886-1988-10-11,FLORIDA SUGAR CA,BIZ,NA,OTHER,,FLORIDA SUGAR CA v. NA
0-90-8702076,NA,0-90-8702076-1994-07-27,INTER ET AL,BIZ,NATL ET AL,OTHER,,INTER ET AL v. NATL ET AL
9-81-9200479,NA,9-81-9200479-1992-03-26,NORTHWEST ET AL,BIZ,SEATTLE ET AL,OTHER,,NORTHWEST ET AL v. SEATTLE ET AL
9-79-9500000,NA,9-79-9500000-1995-12-21,NORTHWEST ET AL,BIZ,WEST ET AL,OTHER,,NORTHWEST ET AL v. WEST ET AL
8-63-8700021,NA,8-63-8700021-1987-02-26,PLATTE CHEMICAL,BIZ,NA,OTHER,,PLATTE CHEMICAL v. NA
4-20-9200075,NA,4-20-9200075-1992-03-12,WESTINGHOUSE,BIZ,RICHLAND-LEXIN,PUB_ORG,,WESTINGHOUSE v. RICHLAND-LEXIN
4-20-9402169,NA,4-20-9402169-1994-09-09,AUSTRIAN ET AL,BIZ,STATE ET AL,STA,,AUSTRIAN ET AL v. STATE ET AL
4-17-1400863,NA,4-17-1400863-2014-12-03,CLEAN AIR CAROLINA,BIZ,NORTH CAROLINA DEPAR,STA,,CLEAN AIR CAROLINA v. NORTH CAROLINA DEPAR
9-81-9601808,NA,9-81-9601808-1996-11-20,MIDWATER ET AL,BIZ,STATE ET AL,STA,,MIDWATER ET AL v. STATE ET AL
9-77-9200096,NA,9-77-9200096-1992-09-09,MOUNTAIN ET AL,BIZ,MONTANA ET AL,STA,,MOUNTAIN ET AL v. MONTANA ET AL
9-76-8304179,NA,9-76-8304179-1983-12-12,NORANDA ET AL,BIZ,STATE ET AL,STA,,NORANDA ET AL v. STATE ET AL
8-63-0200168,NA,8-63-0200168-2002-04-08,"1,000 ET AL",CIVIC,MINETA ET AL,FED,,"1,000 ET AL v. MINETA ET AL"
9-77-1900128,NA,9-77-1900128-2019-10-21,NEIGHBORS AGAINST BI,CIVIC,NATIONAL PARK SERVIC,FED,,NEIGHBORS AGAINST BI v. NATIONAL PARK SERVIC
5-42-0300222,NA,5-42-0300222-2001-12-26,NEIGHBORS ET AL,CIVIC,USA ET AL,FED,,NEIGHBORS ET AL v. USA ET AL
9-70-2000328,NA,9-70-2000328-2020-02-12,NEIGHBORS OF THE MOG,CIVIC,UNITED STATES FOREST,FED,,NEIGHBORS OF THE MOG v. UNITED STATES FOREST
8-67-8800274,NA,8-67-8800274-1988-03-25,PEOPLE OF OMAHA,CIVIC,ICC ET AL,FED,,PEOPLE OF OMAHA v. ICC ET AL
3-12-9505210,NA,3-12-9505210-1994-09-01,PUB ET AL,CIVIC,FED ET AL,FED,,PUB ET AL v. FED ET AL
9-80-9100155,NA,9-80-9100155-1991-04-18,RADIATION,CIVIC,USA ET AL,FED,,RADIATION v. USA ET AL
4-23-0700587,NA,4-23-0700587-2007-10-15,VIRGINIANS FOR APPRO,CIVIC,CAPKA,IND,,VIRGINIANS FOR APPRO v. CAPKA
9-81-9201156,NA,9-81-9201156-1992-07-22,PUBLIC ET AL,CIVIC,NORTHWEST ET A,NGO,,PUBLIC ET AL v. NORTHWEST ET A
9-71-8703904,NA,9-71-8703904-1987-07-23,EPA,FED,MOBIL,BIZ,,EPA v. MOBIL
0-90-1501419,NA,0-90-1501419-2015-08-31,HAALAND,FED,SWANSON GROUP MFG. L,BIZ,,HAALAND v. SWANSON GROUP MFG. L
10-89-8800019,NA,10-89-8800019-1988-07-01,SCHERER ET AL,FED,SINCLAIR ET AL,BIZ,,SCHERER ET AL v. SINCLAIR ET AL
8-64-0301555,NA,8-64-0301555-2003-07-24,U.S. ET AL,FED,AMERICAN ET AL,BIZ,,U.S. ET AL v. AMERICAN ET AL
5-42-8800005,NA,5-42-8800005-1988-06-02,U.S.E.P.A.,FED,BELL,BIZ,,U.S.E.P.A. v. BELL
1-03-1100023,NA,1-03-1100023-2011-01-26,UNITED STATES,FED,"EMHART INDUSTRIES, I",BIZ,,"UNITED STATES v. EMHART INDUSTRIES, I"
1-03-0600218,NA,1-03-0600218-2006-05-11,UNITED STATES,FED,"EMHART INDUSTRIES, I",BIZ,,"UNITED STATES v. EMHART INDUSTRIES, I"
4-25-8900642,NA,4-25-8900642-1989-05-30,US,FED,FIBER ET AL,BIZ,,US v. FIBER ET AL
3-13-8003849,NA,3-13-8003849-1980-10-03,US EPA,FED,MOYERS LANDFIL,BIZ,,US EPA v. MOYERS LANDFIL
9-72-0105722,NA,9-72-0105722-2001-06-07,US ET AL,FED,HOMEBUILDERS E,BIZ,,US ET AL v. HOMEBUILDERS E
9-78-7300184,NA,9-78-7300184-1999-09-30,USA,FED,ALPINE ET AL,BIZ,,USA v. ALPINE ET AL
9-73-8307996,NA,9-73-8307996-1983-12-09,USA,FED,CADILLAC,BIZ,,USA v. CADILLAC
2-05-9400112,NA,2-05-9400112-1994-04-04,USA,FED,CONSTRUCTION E,BIZ,,USA v. CONSTRUCTION E
2-05-8700052,NA,2-05-8700052-1987-05-10,USA,FED,LITTON ET AL,BIZ,,USA v. LITTON ET AL
9-80-9100155,NA,9-80-9100155-1991-04-18,USA,FED,RADIATION ET A,BIZ,,USA v. RADIATION ET A
6-43-8700052,NA,6-43-8700052-1987-03-02,USA,FED,SMALLWOOD ET A,BIZ,,USA v. SMALLWOOD ET A
3-15-7901194,NA,3-15-7901194-1979-08-30,USA,FED,WHEELING-PITTS,BIZ,,USA v. WHEELING-PITTS
9-78-7300184,NA,9-78-7300184-1999-09-30,USA ET AL,FED,ALPINE ET AL,BIZ,,USA ET AL v. ALPINE ET AL
9-78-7300184,NA,9-78-7300184-1999-09-30,USA ET AL,FED,ALPINE ET AL,BIZ,,USA ET AL v. ALPINE ET AL
6-44-0800091,NA,6-44-0800091-2010-02-10,UNITED STATES FOREST,FED,FOREST SERVICE EMPLO,CIVIC,,UNITED STATES FOREST v. FOREST SERVICE EMPLO
6-46-8900503,NA,6-46-8900503-1989-10-16,CPC,FED,USA ET AL,FED,,CPC v. USA ET AL
9-76-1100127,NA,9-76-1100127-2011-03-29,FEDERAL RESOURCES CO,FED,UNITED STATES OF AME,FED,,FEDERAL RESOURCES CO v. UNITED STATES OF AME
9-76-1100127,NA,9-76-1100127-2011-03-29,FEDERAL RESOURCES CO,FED,UNITED STATES OF AME,FED,,FEDERAL RESOURCES CO v. UNITED STATES OF AME
9-76-1100127,NA,9-76-1100127-2011-03-29,FEDERAL RESOURCES CO,FED,UNITED STATES OF AME,FED,,FEDERAL RESOURCES CO v. UNITED STATES OF AME
1-01-9611014,NA,1-01-9611014-1996-05-15,UNITED,FED,BABBITT,FED,,UNITED v. BABBITT
9-78-7300125,NA,9-78-7300125-1984-05-21,UNITED STATES OF AME,FED,UNITED STATES BOARD,FED,,UNITED STATES OF AME v. UNITED STATES BOARD
9-76-0003623,NA,9-76-0003623-1989-09-05,EPA,FED,BUNKER,IND,,EPA v. BUNKER
6-45-7974681,NA,6-45-7974681-1979-12-12,EPA ET AL,FED,ALLEN ET AL,IND,,EPA ET AL v. ALLEN ET AL
7-52-8707419,NA,7-52-8707419-1987-08-24,SULLIVAN ET AL,FED,JONES ET AL,IND,,SULLIVAN ET AL v. JONES ET AL
9-71-8508615,NA,9-71-8508615-1985-11-25,USA,FED,LESLIE ET AL,IND,,USA v. LESLIE ET AL
5-42-8800025,NA,5-42-8800025-1988-04-29,USA,FED,REYES-RUIZ,IND,,USA v. REYES-RUIZ
6-45-7974681,NA,6-45-7974681-1979-12-12,USA ET AL,FED,ALLEN ET AL,IND,,USA ET AL v. ALLEN ET AL
9-71-1003270,NA,9-71-1003270-2010-07-26,FEDERAL HOUSING FINA,FED,COUNTY OF SONOMA,LOC,,FEDERAL HOUSING FINA v. COUNTY OF SONOMA
6-45-8972937,NA,6-45-8972937-1989-10-04,USA ET AL,FED,DETROIT,LOC,,USA ET AL v. DETROIT
6-45-8672910,NA,6-45-8672910-1986-07-07,ADAMKUS ET AL,FED,GREATER ET AL,NGO,,ADAMKUS ET AL v. GREATER ET AL
9-76-1600083,NA,9-76-1600083-2016-02-25,BERNHARDT,FED,WESTERN WATERSHEDS P,NGO,,BERNHARDT v. WESTERN WATERSHEDS P
9-76-1800187,NA,9-76-1800187-2018-04-30,BERNHARDT,FED,WESTERN WATERSHEDS P,NGO,,BERNHARDT v. WESTERN WATERSHEDS P
9-71-0302509,NA,9-71-0302509-2006-05-28,BLM ET AL,FED,CENTER ET AL,NGO,,BLM ET AL v. CENTER ET AL
9-79-2001395,NA,9-79-2001395-2020-08-17,BUREAU OF LAND MANAG,FED,CASCADIA WILDLANDS,NGO,,BUREAU OF LAND MANAG v. CASCADIA WILDLANDS
9-76-0900507,NA,9-76-0900507-2009-01-05,BUREAU OF LAND MANAG,FED,WESTERN WATERSHEDS P,NGO,,BUREAU OF LAND MANAG v. WESTERN WATERSHEDS P
10-84-9901320,NA,10-84-9901320-1999-11-15,BUREAU OF RECLAMATIO,FED,RIO GRANDE SILVERY M,NGO,,BUREAU OF RECLAMATIO v. RIO GRANDE SILVERY M
9-76-9200189,NA,9-76-9200189-1992-05-13,DOD,FED,GREATER ET AL,NGO,,DOD v. GREATER ET AL
8-66-9804282,NA,8-66-9804282-1998-11-12,EPA ET AL,FED,MO ET AL,NGO,,EPA ET AL v. MO ET AL
4-17-1500029,NA,4-17-1500029-2015-01-21,FEDERAL HIGHWAY ADMI,FED,CATAWBA RIVERKEEPER,NGO,,FEDERAL HIGHWAY ADMI v. CATAWBA RIVERKEEPER
5-41-0501214,NA,5-41-0501214-2005-04-11,GUTIERREZ ET AL,FED,COASTAL ET AL,NGO,,GUTIERREZ ET AL v. COASTAL ET AL
0-90-2000798,NA,0-90-2000798-2020-03-23,HAALAND,FED,BUFFALO FIELD CAMPAI,NGO,,HAALAND v. BUFFALO FIELD CAMPAI
9-76-1800187,NA,9-76-1800187-2018-04-30,HAALAND,FED,WESTERN WATERSHEDS P,NGO,,HAALAND v. WESTERN WATERSHEDS P
10-88-8700120,NA,10-88-8700120-1987-02-18,HODEL ET AL,FED,SIERRA ET AL,NGO,,HODEL ET AL v. SIERRA ET AL
9-77-0500099,NA,9-77-0500099-2005-06-08,KEMPTHORNE ET AL,FED,DEFENDERS ET A,NGO,,KEMPTHORNE ET AL v. DEFENDERS ET A
8-64-8600757,NA,8-64-8600757-1986-08-27,LUJAN,FED,DEFENDERS/WLDL,NGO,,LUJAN v. DEFENDERS/WLDL
8-64-8600757,NA,8-64-8600757-1986-08-27,LUJAN ET AL,FED,DEFENDERS,NGO,,LUJAN ET AL v. DEFENDERS
8-64-8600757,NA,8-64-8600757-1986-08-27,LUJAN ET AL,FED,DEFENDERS,NGO,,LUJAN ET AL v. DEFENDERS
0-90-8900136,NA,0-90-8900136-1990-01-19,LUJAN MANUEL JR.,FED,NAT'L. WILDLIFE,NGO,,LUJAN MANUEL JR. v. NAT'L. WILDLIFE
9-79-0100640,NA,9-79-0100640-2001-05-03,NATIONAL MARINE FISH,FED,NATIONAL WILDLIFE FE,NGO,,NATIONAL MARINE FISH v. NATIONAL WILDLIFE FE
9-79-0100640,NA,9-79-0100640-2001-05-03,NATIONAL MARINE FISH,FED,NATIONAL WILDLIFE FE,NGO,,NATIONAL MARINE FISH v. NATIONAL WILDLIFE FE
9-79-0100640,NA,9-79-0100640-2001-05-03,NATIONAL MARINE FISH,FED,NATIONAL WILDLIFE FE,NGO,,NATIONAL MARINE FISH v. NATIONAL WILDLIFE FE
9-79-0100640,NA,9-79-0100640-2001-05-03,NATIONAL MARINE FISH,FED,NATIONAL WILDLIFE FE,NGO,,NATIONAL MARINE FISH v. NATIONAL WILDLIFE FE
9-81-8900099,NA,9-81-8900099-1989-02-08,ROBERTSON,FED,SEATTLE ET AL,NGO,,ROBERTSON v. SEATTLE ET AL
9-81-8900099,NA,9-81-8900099-1989-02-08,ROBERTSON ET AL,FED,SEATTLE ET AL,NGO,,ROBERTSON ET AL v. SEATTLE ET AL
9-79-9201322,NA,9-79-9201322-1992-10-28,THOMAS ET AL,FED,PACIFIC ET AL,NGO,,THOMAS ET AL v. PACIFIC ET AL
9-76-9400159,NA,9-76-9400159-1994-04-13,THOMAS ET AL,FED,PACIFIC ET AL,NGO,,THOMAS ET AL v. PACIFIC ET AL
5-42-9600097,NA,5-42-9600097-1996-08-26,UNITED,FED,SIERRA,NGO,,UNITED v. SIERRA
10-82-0401317,NA,10-82-0401317-1996-11-19,UNITED ET AL,FED,TROUT ET AL,NGO,,UNITED ET AL v. TROUT ET AL
9-77-1900044,NA,9-77-1900044-2019-07-01,UNITED STATES ARMY C,FED,NORTHERN PLAINS RESO,NGO,,UNITED STATES ARMY C v. NORTHERN PLAINS RESO
9-79-1800437,NA,9-79-1800437-2018-03-13,UNITED STATES ARMY C,FED,NORTHWEST ENVIRONMEN,NGO,,UNITED STATES ARMY C v. NORTHWEST ENVIRONMEN
5-41-1103063,NA,5-41-1103063-2012-08-22,UNITED STATES ARMY C,FED,SIERRA CLUB,NGO,,UNITED STATES ARMY C v. SIERRA CLUB
4-17-2000075,NA,4-17-2000075-2020-11-16,UNITED STATES FISH A,FED,RED WOLF COALITION,NGO,,UNITED STATES FISH A v. RED WOLF COALITION
9-76-2100244,NA,9-76-2100244-2021-06-07,UNITED STATES FOREST,FED,ALLIANCE FOR THE WIL,NGO,,UNITED STATES FOREST v. ALLIANCE FOR THE WIL
9-79-0000775,NA,9-79-0000775-2000-06-05,USFS,FED,HELLS ET AL,NGO,,USFS v. HELLS ET AL
9-77-9000076,NA,9-77-9000076-1993-02-09,USFS ET AL,FED,FRIENDS ET AL,NGO,,USFS ET AL v. FRIENDS ET AL
4-17-0400002,NA,4-17-0400002-2005-02-18,DEPT ET AL,FED,NATL ET AL,OTHER,,DEPT ET AL v. NATL ET AL
0-90-9900726,NA,0-90-9900726-1995-04-17,ENV ET AL,FED,BLDG ET AL,OTHER,,ENV ET AL v. BLDG ET AL
9-71-9803740,NA,9-71-9803740-1998-09-29,ENVIRONMENTAL,FED,SIMPSON ET AL,OTHER,,ENVIRONMENTAL v. SIMPSON ET AL
9-72-8501802,NA,9-72-8501802-1985-12-31,REILLY,FED,SACRAMENTO ET,OTHER,,REILLY v. SACRAMENTO ET
9-71-9902992,NA,9-71-9902992-1999-06-17,UNITED ET AL,FED,SOUTHWEST ET A,OTHER,,UNITED ET AL v. SOUTHWEST ET A
6-46-9700138,NA,6-46-9700138-1987-03-31,USA ET AL,FED,PPP,OTHER,,USA ET AL v. PPP
9-78-7300128,NA,9-78-7300128-1995-01-03,UNITED STATES OF AME,FED,WALKER RIVER IRRIGAT,PUB_ORG,,UNITED STATES OF AME v. WALKER RIVER IRRIGAT
9-76-1100358,NA,9-76-1100358-2009-11-16,SALAZAR,FED,OTTER,STA,,SALAZAR v. OTTER
8-67-0303059,NA,8-67-0303059-2003-12-14,U.S.,FED,NE ET AL,STA,,U.S. v. NE ET AL
0-90-1702487,NA,0-90-1702487-2017-11-15,UNITED STATES OF AME,FED,GOVERNMENT OF GUAM,STA,,UNITED STATES OF AME v. GOVERNMENT OF GUAM
0-90-1702487,NA,0-90-1702487-2017-11-15,UNITED STATES OF AME,FED,GOVERNMENT OF GUAM,STA,,UNITED STATES OF AME v. GOVERNMENT OF GUAM
9-72-1900547,NA,9-72-1900547-2019-03-28,UNITED STATES OF AME,FED,STATE WATER RESOURCE,STA,,UNITED STATES OF AME v. STATE WATER RESOURCE
9-81-8900583,NA,9-81-8900583-1989-11-14,USA ET AL,FED,STATE,STA,,USA ET AL v. STATE
9-81-8701797,NA,9-81-8701797-1987-12-15,U.S.,FED,PILCHUK ET AL,TRIBE,,U.S. v. PILCHUK ET AL
1-02-0600258,NA,1-02-0600258-2006-07-13,BLAKENEY,IND,CONCORD HOSPITAL,BIZ,,BLAKENEY v. CONCORD HOSPITAL
8-64-0301555,NA,8-64-0301555-2003-07-24,BLASKE ET AL,IND,AMERICAN ET AL,BIZ,,BLASKE ET AL v. AMERICAN ET AL
5-36-9404000,NA,5-36-9404000-1994-07-02,CARTER ET AL,IND,JUNEAU,BIZ,,CARTER ET AL v. JUNEAU
5-36-9404000,NA,5-36-9404000-1994-07-02,GUNTER ET AL,IND,JUNEAU,BIZ,,GUNTER ET AL v. JUNEAU
0-90-7801712,NA,0-90-7801712-1978-09-12,JOHN O. MARSH ET,FED,MONONGAHELA PO,BIZ,,JOHN O. MARSH ET v. MONONGAHELA PO
1-01-8701786,NA,1-01-8701786-1988-08-03,KINGSTON,BIZ,CANNONS ENG,BIZ,,KINGSTON v. CANNONS ENG
5-36-9404000,NA,5-36-9404000-1994-07-02,RILEY,IND,JUNEAU,BIZ,,RILEY v. JUNEAU
5-36-9404000,NA,5-36-9404000-1994-07-02,TALLEY ET AL,IND,JUNEAU,BIZ,,TALLEY ET AL v. JUNEAU
9-72-0500629,NA,9-72-0500629-2005-03-20,TSAKAPOULOUS ET,BIZ,HOME ET AL,BIZ,,TSAKAPOULOUS ET v. HOME ET AL
7-55-8900113,NA,7-55-8900113-1998-03-06,ACCRA,IND,USA,FED,,ACCRA v. USA
9-78-7300031,NA,9-78-7300031-1993-01-28,ALVES,IND,UNITED STATES OF AME,FED,,ALVES v. UNITED STATES OF AME
9-79-0400109,NA,9-79-0400109-2004-01-23,BARGAS,IND,ASTRUE,FED,,BARGAS v. ASTRUE
9-79-0403045,NA,9-79-0403045-2004-05-24,BELL-SHIER,IND,COMMISSIONER OF THE,FED,,BELL-SHIER v. COMMISSIONER OF THE
9-76-1100127,NA,9-76-1100127-2011-03-29,BLUM,IND,UNITED STATES OF AME,FED,,BLUM v. UNITED STATES OF AME
9-76-1100127,NA,9-76-1100127-2011-03-29,BLUM REAL ESTATE TRU,IND,UNITED STATES OF AME,FED,,BLUM REAL ESTATE TRU v. UNITED STATES OF AME
3-15-9300025,NA,3-15-9300025-1993-08-24,BOLL ET AL,IND,COMM ET AL,FED,,BOLL ET AL v. COMM ET AL
3-15-1700006,NA,3-15-1700006-2017-01-09,BRACE,IND,UNITED STATES OF AME,FED,,BRACE v. UNITED STATES OF AME
6-44-8400173,NA,6-44-8400173-1984-08-23,CARR,IND,USA ET AL,FED,,CARR v. USA ET AL
9-71-9917208,NA,9-71-9917208-1994-03-25,CHAPMAN,IND,USA,FED,,CHAPMAN v. USA
9-78-9500724,NA,9-78-9500724-1995-12-05,CHURCHILL ET AL,IND,BABBIT ET AL,FED,,CHURCHILL ET AL v. BABBIT ET AL
8-64-0202528,NA,8-64-0202528-2005-10-31,CONTOSKI,IND,KEMPTHORNE,FED,,CONTOSKI v. KEMPTHORNE
6-43-8200389,NA,6-43-8200389-1982-10-20,CRAFT,IND,USA ET AL,FED,,CRAFT v. USA ET AL
9-7--0700003,NA,9-7--0700003-2007-03-05,CYSEWSKI,IND,ASTRUE,FED,,CYSEWSKI v. ASTRUE
10-87-8601401,NA,10-87-8601401-1986-07-05,DE,IND,USA ET AL,FED,,DE v. USA ET AL
9-74-9000051,NA,9-74-9000051-1990-01-30,DUMAS,IND,USA,FED,,DUMAS v. USA
9-74-9000052,NA,9-74-9000052-1990-01-30,DUMAS,IND,USA,FED,,DUMAS v. USA
3-12-9705791,NA,3-12-9705791-1996-12-16,FERNANDES,IND,EPA ET AL,FED,,FERNANDES v. EPA ET AL
8-65-9200078,NA,8-65-9200078-1992-07-02,FLANDERS,IND,USA ET AL,FED,,FLANDERS v. USA ET AL
8-65-9200088,NA,8-65-9200088-1992-07-02,FLANDERS ET AL,IND,USA ET AL,FED,,FLANDERS ET AL v. USA ET AL
9-78-9400795,NA,9-78-9400795-1994-08-15,FROST,IND,PERRY ET AL,FED,,FROST v. PERRY ET AL
9-74-9000174,NA,9-74-9000174-1990-03-13,GALLERSTEIN,IND,USA,FED,,GALLERSTEIN v. USA
1-01-8502463,NA,1-01-8502463-1985-01-01,GEORGE,IND,UNITED,FED,,GEORGE v. UNITED
9-77-9600081,NA,9-77-9600081-1996-11-08,GREATER ET AL,IND,BABBITT ET AL,FED,,GREATER ET AL v. BABBITT ET AL
9-81-0105339,NA,9-81-0105339-2001-06-22,GROUND ET AL,IND,US ET AL,FED,,GROUND ET AL v. US ET AL
10-87-8601402,NA,10-87-8601402-1986-06-25,HARDAGE,IND,USA ET AL,FED,,HARDAGE v. USA ET AL
9-79-9800622,NA,9-79-9800622-1999-05-19,HELLS ET AL,IND,U.S. ET AL,FED,,HELLS ET AL v. U.S. ET AL
9-72-0202505,NA,9-72-0202505-2002-11-04,HENDRICKSON ET A,IND,USA ET AL,FED,,HENDRICKSON ET A v. USA ET AL
9-71-9802434,NA,9-71-9802434-1999-02-01,HOBBS ET AL,IND,SPRAGUE ET AL,FED,,HOBBS ET AL v. SPRAGUE ET AL
4-24-9503056,NA,4-24-9503056-1994-10-12,HUGHES ET AL,IND,JOHNSON ET AL,FED,,HUGHES ET AL v. JOHNSON ET AL
7-52-9205354,NA,7-52-9205354-1996-08-07,KRILICH,IND,USA ET AL,FED,,KRILICH v. USA ET AL
9-78-7300125,NA,9-78-7300125-1984-05-21,LANDOLT,IND,UNITED STATES BOARD,FED,,LANDOLT v. UNITED STATES BOARD
9-78-7300127,NA,9-78-7300127-1973-03-01,LANDOLT ET AL,IND,USA ET AL,FED,,LANDOLT ET AL v. USA ET AL
8-69-8505097,NA,8-69-8505097-1985-06-10,"LEGS, TAYLOR WAL",IND,UNITED STATES,FED,,"LEGS, TAYLOR WAL v. UNITED STATES"
10-86-2000423,NA,10-86-2000423-2020-11-19,LEO,IND,UNITED STATES OF AME,FED,,LEO v. UNITED STATES OF AME
10-87-8601402,NA,10-87-8601402-1986-06-25,LOWE,IND,USA ET AL,FED,,LOWE v. USA ET AL
1-04-9101129,NA,1-04-9101129-1991-01-29,MATOS,IND,SHHS,FED,,MATOS v. SHHS
9-77-0600099,NA,9-77-0600099-2006-11-01,MCCALMON,IND,ASTRUE,FED,,MCCALMON v. ASTRUE
9-81-9805289,NA,9-81-9805289-1998-06-01,METCALF ET AL,IND,DALEY ET AL,FED,,METCALF ET AL v. DALEY ET AL
9-79-8900136,NA,9-79-8900136-1989-05-30,NUDO ET AL,IND,USA,FED,,NUDO ET AL v. USA
2-08-7201964,NA,2-08-7201964-1972-05-09,O'ROURKE,IND,USA ET AL,FED,,O'ROURKE v. USA ET AL
8-61-9006014,NA,8-61-9006014-1990-02-15,OHLFS ETAL,IND,LUJAN ETAL,FED,,OHLFS ETAL v. LUJAN ETAL
9-79-1000642,NA,9-79-1000642-2010-12-30,OLENEC,IND,NATIONAL MARINE FISH,FED,,OLENEC v. NATIONAL MARINE FISH
9-80-9103015,NA,9-80-9103015-1991-02-06,ORESKOVICH ET AL,IND,USDC-WAE ET AL,FED,,ORESKOVICH ET AL v. USDC-WAE ET AL
3-13-0203565,NA,3-13-0203565-1999-08-11,RAYMOND ET AL,IND,US ET AL,FED,,RAYMOND ET AL v. US ET AL
1-01-8902228,NA,1-01-8902228-1989-10-10,REARDON,IND,E.P.A.,FED,,REARDON v. E.P.A.
9-73-9502645,NA,9-73-9502645-1995-04-25,RILEY,IND,USA ET AL,FED,,RILEY v. USA ET AL
3-12-8504386,NA,3-12-8504386-1985-09-01,ROHM,IND,USA ET AL,FED,,ROHM v. USA ET AL
5-42-9300194,NA,5-42-9300194-1993-04-15,SCOTT,IND,"SHALALA,ET AL",FED,,"SCOTT v. SHALALA,ET AL"
3-15-8001172,NA,3-15-8001172-1980-08-20,SHENANGO,IND,USA,FED,,SHENANGO v. USA
9-71-9720009,NA,9-71-9720009-1997-01-30,SILVERWOOD ET AL,IND,USA ET AL,FED,,SILVERWOOD ET AL v. USA ET AL
5-41-0300001,NA,5-41-0300001-2003-01-06,SPRINGER ET AL,IND,US,FED,,SPRINGER ET AL v. US
3-12-9204710,NA,3-12-9204710-1992-11-04,STEPAN,IND,USA ET AL,FED,,STEPAN v. USA ET AL
2-09-9406118,NA,2-09-9406118-1994-02-14,SUTTON ET AL,IND,DOT ET AL,FED,,SUTTON ET AL v. DOT ET AL
9-76-9300035,NA,9-76-9300035-1993-09-17,SWANSON ET AL,IND,USFS,FED,,SWANSON ET AL v. USFS
7-52-9303595,NA,7-52-9303595-1993-06-16,TANNENBAUM,IND,USA ET AL,FED,,TANNENBAUM v. USA ET AL
4-25-0200092,NA,4-25-0200092-2002-08-27,TRACY,IND,US,FED,,TRACY v. US
8-67-9400188,NA,8-67-9400188-1994-03-15,TYLER ET AL,IND,USA ET AL,FED,,TYLER ET AL v. USA ET AL
8-60-8000110,NA,8-60-8000110-1980-03-04,VERTAC ET AL,IND,USA ET AL,FED,,VERTAC ET AL v. USA ET AL
9-76-0300017,NA,9-76-0300017-2003-01-14,WEISS,IND,UNITED STATES OF AME,FED,,WEISS v. UNITED STATES OF AME
9-81-0001010,NA,9-81-0001010-2000-06-14,DIERKER ET AL,IND,COLE ET AL,LOC,,DIERKER ET AL v. COLE ET AL
5-41-7800188,NA,5-41-7800188-1978-08-17,FRITIOFSEN,IND,ALEXANDER,IND,,FRITIOFSEN v. ALEXANDER
9-78-0300477,NA,9-78-0300477-2003-06-02,HALL,FED,BELLARD ET AL,IND,,HALL v. BELLARD ET AL
9-78-9400795,NA,9-78-9400795-1994-09-19,KASZA,IND,BROWNER,FED,,KASZA v. BROWNER
9-70-0000581,NA,9-70-0000581-2000-03-31,NORTON ET AL,IND,BARNES ET AL,IND,,NORTON ET AL v. BARNES ET AL
4-24-9900094,NA,4-24-9900094-1988-10-24,RAYLE ET AL,IND,DIVISION ET AL,OTHER,,RAYLE ET AL v. DIVISION ET AL
1-02-9401301,NA,1-02-9401301-1995-01-30,WOODS ET AL,IND,DUBOIS,IND,,WOODS ET AL v. DUBOIS
9-7--8800025,NA,9-7--8800025-1986-09-29,HANLON ET AL,IND,CITY ET AL,LOC,,HANLON ET AL v. CITY ET AL
9-71-8600338,NA,9-71-8600338-1986-06-17,AHLGREN ET AL,IND,SIERRA ET AL,NGO,,AHLGREN ET AL v. SIERRA ET AL
10-88-8700120,NA,10-88-8700120-1987-02-18,GARFIELD ET AL,IND,SIERRA ET AL,NGO,,GARFIELD ET AL v. SIERRA ET AL
9-72-1802785,NA,9-72-1802785-2018-10-16,GRANTHAM,IND,KLAMATH-SISKIYOU WIL,NGO,,GRANTHAM v. KLAMATH-SISKIYOU WIL
9-77-1300061,NA,9-77-1300061-2013-03-18,JEWELL,IND,FRIENDS OF THE WILD,NGO,,JEWELL v. FRIENDS OF THE WILD
10-82-8400002,NA,10-82-8400002-1984-01-03,LYNG,IND,SIERRA ET AL,NGO,,LYNG v. SIERRA ET AL
9-77-2000156,NA,9-77-2000156-2020-10-23,MARTEN,IND,ALLIANCE FOR THE WIL,NGO,,MARTEN v. ALLIANCE FOR THE WIL
9-81-1101759,NA,9-81-1101759-2011-10-21,MCLERRAN,IND,SIERRA CLUB,NGO,,MCLERRAN v. SIERRA CLUB
9-71-1105651,NA,9-71-1105651-2011-11-22,MYERS,IND,WILDEARTH GUARDIANS,NGO,,MYERS v. WILDEARTH GUARDIANS
9-71-0509991,NA,9-71-0509991-2005-03-09,NORTON,IND,LEAGUE FOR COASTAL P,NGO,,NORTON v. LEAGUE FOR COASTAL P
6-49-9200036,NA,6-49-9200036-1992-01-17,O'LEARY ET AL,IND,FRIENDS ET AL,NGO,,O'LEARY ET AL v. FRIENDS ET AL
9-79-9406245,NA,9-79-9406245-1995-06-14,OGLE ET AL,IND,SIERRA,NGO,,OGLE ET AL v. SIERRA
9-72-0500205,NA,9-72-0500205-2005-01-21,SHERMAN,IND,SIERRA FOREST LEGACY,NGO,,SHERMAN v. SIERRA FOREST LEGACY
9-71-8803384,NA,9-71-8803384-1986-06-17,TRAN ET AL,IND,SIERRA ET AL,NGO,,TRAN ET AL v. SIERRA ET AL
11-3C-9200637,NA,11-3C-9200637-1992-04-23,"BEN-ARI, JACOB",IND,NA,OTHER,,"BEN-ARI, JACOB v. NA"
2-08-8803242,NA,2-08-8803242-1988-05-10,BROOKS,IND,NA,OTHER,,BROOKS v. NA
5-36-9404000,NA,5-36-9404000-1986-07-05,CARRINGTON,IND,UNKNOWN,OTHER,,CARRINGTON v. UNKNOWN
5-36-9404000,NA,5-36-9404000-1986-07-05,COGLEY,IND,UNKNOWN,OTHER,,COGLEY v. UNKNOWN
5-36-9404000,NA,5-36-9404000-1986-07-05,DAY,IND,UNKNOWN,OTHER,,DAY v. UNKNOWN
5-36-9404000,NA,5-36-9404000-1994-07-02,HOLMES,IND,PLAINTIFFS',OTHER,,HOLMES v. PLAINTIFFS'
5-36-9404000,NA,5-36-9404000-1994-07-02,HOLMES ET AL,IND,PLAINTIFFS',OTHER,,HOLMES ET AL v. PLAINTIFFS'
5-36-9404000,NA,5-36-9404000-1986-07-05,HOWELL,IND,UNKNOWN,OTHER,,HOWELL v. UNKNOWN
5-36-9404000,NA,5-36-9404000-1986-07-05,JOHNSON,IND,UNKNOWN,OTHER,,JOHNSON v. UNKNOWN
9-7--8900376,NA,9-7--8900376-1988-03-07,KEE ET AL,IND,THE,OTHER,,KEE ET AL v. THE
10-84-9901320,NA,10-84-9901320-1999-11-15,KEYS ET AL,IND,RIO ET AL,OTHER,,KEYS ET AL v. RIO ET AL
10-84-9901320,NA,10-84-9901320-1999-11-15,KEYS ET AL,IND,RIO ET AL,OTHER,,KEYS ET AL v. RIO ET AL
10-84-9901320,NA,10-84-9901320-1999-11-15,MIDDLE ET AL,IND,RIO ET AL,OTHER,,MIDDLE ET AL v. RIO ET AL
10-84-9901320,NA,10-84-9901320-1999-11-15,MIDDLE ET AL,IND,RIO ET AL,OTHER,,MIDDLE ET AL v. RIO ET AL
5-36-9404000,NA,5-36-9404000-1986-07-05,RAY,IND,UNKNOWN,OTHER,,RAY v. UNKNOWN
5-36-9404000,NA,5-36-9404000-1994-07-02,SMITH ET AL,IND,PLAINTIFFS',OTHER,,SMITH ET AL v. PLAINTIFFS'
5-36-9404000,NA,5-36-9404000-1994-07-02,TALLEY ET AL,IND,PLAINTIFFS',OTHER,,TALLEY ET AL v. PLAINTIFFS'
5-36-9404000,NA,5-36-9404000-1997-07-02,TESSIER,IND,PLAINTIFFS',OTHER,,TESSIER v. PLAINTIFFS'
5-36-9404000,NA,5-36-9404000-1986-07-05,TESSIER,IND,UNKNOWN,OTHER,,TESSIER v. UNKNOWN
5-36-9404000,NA,5-36-9404000-1994-07-02,THIBODAUX ET AL,IND,PLAINTIFFS',OTHER,,THIBODAUX ET AL v. PLAINTIFFS'
5-36-9404000,NA,5-36-9404000-1986-07-05,WATSON,IND,UNKNOWN,OTHER,,WATSON v. UNKNOWN
1-01-8500489,NA,1-01-8500489-1985-01-31,NAHANT,IND,MDC,PUB_ORG,,NAHANT v. MDC
3-12-9705697,NA,3-12-9705697-1996-06-27,HAIN,IND,NJ ET AL,STA,,HAIN v. NJ ET AL
9-76-8304179,NA,9-76-8304179-1983-12-12,M.A. ET AL,IND,STATE ET AL,STA,,M.A. ET AL v. STATE ET AL
8-69-0202133,NA,8-69-0202133-2002-04-25,UBBELOHDE ET AL,IND,STATE ET AL,STA,,UBBELOHDE ET AL v. STATE ET AL
9-71-9703779,NA,9-71-9703779-1997-10-15,WILLIAMS ET AL,IND,CALIFORNIA ET,STA,,WILLIAMS ET AL v. CALIFORNIA ET
9-78-7300125,NA,9-78-7300125-1984-05-21,MINERAL COUNTY,LOC,"BALE COUNTER, INC.",BIZ,,"MINERAL COUNTY v. BALE COUNTER, INC."
9-78-8900034,NA,9-78-8900034-1988-10-17,CITY,LOC,USA ET AL,FED,,CITY v. USA ET AL
5-39-8602908,NA,5-39-8602908-1986-11-21,CITY SOUTHLAKE,LOC,FAA ETAL,FED,,CITY SOUTHLAKE v. FAA ETAL
6-46-8900503,NA,6-46-8900503-1989-10-16,CORDOVA,LOC,USA ET AL,FED,,CORDOVA v. USA ET AL
2-07-9006146,NA,2-07-9006146-1989-08-01,COUNTY ET AL,LOC,USA,FED,,COUNTY ET AL v. USA
8-64-9400154,NA,8-64-9400154-1994-12-05,CTY. ET AL,LOC,DOMBECK ET AL,FED,,CTY. ET AL v. DOMBECK ET AL
5-38-1900986,NA,5-38-1900986-2019-12-23,"HARRISON COUNTY, MIS",LOC,UNITED STATES ARMY C,FED,,"HARRISON COUNTY, MIS v. UNITED STATES ARMY C"
9-74-9602580,NA,9-74-9602580-1996-04-11,HOLLYWOOD ET AL,LOC,U.S. ET AL,FED,,HOLLYWOOD ET AL v. U.S. ET AL
8-60-1900362,NA,8-60-1900362-2019-05-20,LITTLE ROCK DOWNTOWN,LOC,FEDERAL HIGHWAY ADMI,FED,,LITTLE ROCK DOWNTOWN v. FEDERAL HIGHWAY ADMI
6-44-7800130,NA,6-44-7800130-1978-04-07,LOUISVILLE,LOC,USA ET AL,FED,,LOUISVILLE v. USA ET AL
9-7--8900503,NA,9-7--8900503-1989-12-21,MUNICIPALITY ET,LOC,USA ET AL,FED,,MUNICIPALITY ET v. USA ET AL
1-01-9011286,NA,1-01-9011286-1990-04-30,NORFOLK,LOC,EPA,FED,,NORFOLK v. EPA
9-79-8701160,NA,9-79-8701160-1987-01-12,PORTLAND,LOC,LUJAN ET AL,FED,,PORTLAND v. LUJAN ET AL
4-17-8400036,NA,4-17-8400036-1984-01-12,ROANOKE ET AL,LOC,HUDSON ET AL,FED,,ROANOKE ET AL v. HUDSON ET AL
4-17-8400036,NA,4-17-8400036-1984-01-12,ROANOKE ET AL,LOC,HUDSON ET AL,FED,,ROANOKE ET AL v. HUDSON ET AL
9-72-9000361,NA,9-72-9000361-1993-03-23,SANTA,LOC,USA ET AL,FED,,SANTA v. USA ET AL
9-79-0100882,NA,9-79-0100882-2001-06-12,TILLAMOOK ET AL,LOC,US,FED,,TILLAMOOK ET AL v. US
10-88-1700482,NA,10-88-1700482-2017-05-30,UNITED PARK CITY MIN,LOC,UNITED STATES OF AME,FED,,UNITED PARK CITY MIN v. UNITED STATES OF AME
2-08-9007935,NA,2-08-9007935-1990-12-12,VIL. ET AL,LOC,SKINNER ET AL,FED,,VIL. ET AL v. SKINNER ET AL
8-64-8700648,NA,8-64-8700648-1987-07-17,CITY PRESTON ETA,LOC,KALITOWSKI,IND,,CITY PRESTON ETA v. KALITOWSKI
10-87-8801032,NA,10-87-8801032-1988-12-01,VILL OF LOS RANC,LOC,HEIBERT,IND,,VILL OF LOS RANC v. HEIBERT
9-78-7300128,NA,9-78-7300128-1995-01-03,MINERAL COUNTY,LOC,MONO COUNTY,LOC,,MINERAL COUNTY v. MONO COUNTY
5-42-9600097,NA,5-42-9600097-1996-08-26,BEXAR,LOC,SIERRA ET AL,NGO,,BEXAR v. SIERRA ET AL
5-42-9600097,NA,5-42-9600097-1996-08-26,CITY,LOC,SIERRA ET AL,NGO,,CITY v. SIERRA ET AL
11-3C-9010037,NA,11-3C-9010037-1990-04-20,MONROE COUNTY,LOC,FLORIDA KEY DEE,NGO,,MONROE COUNTY v. FLORIDA KEY DEE
5-42-9600097,NA,5-42-9600097-1996-08-26,REDLAND,LOC,SIERRA,NGO,,REDLAND v. SIERRA
9-81-1101759,NA,9-81-1101759-2011-10-21,SPOKANE COUNTY,LOC,SIERRA CLUB,NGO,,SPOKANE COUNTY v. SIERRA CLUB
10-84-9901320,NA,10-84-9901320-1999-11-15,CITY ET AL,LOC,RIO ET AL,OTHER,,CITY ET AL v. RIO ET AL
10-84-9901320,NA,10-84-9901320-1999-11-15,CITY ET AL,LOC,RIO ET AL,OTHER,,CITY ET AL v. RIO ET AL
10-84-9901320,NA,10-84-9901320-1999-11-15,CITY ET AL,LOC,RIO ET AL,OTHER,,CITY ET AL v. RIO ET AL
11-3C-8801886,NA,11-3C-8801886-1988-10-11,CITY OF BELLE GL,LOC,NA,OTHER,,CITY OF BELLE GL v. NA
11-3C-8801886,NA,11-3C-8801886-1988-10-11,CITY OF CLEWISTO,LOC,NA,OTHER,,CITY OF CLEWISTO v. NA
8-65-8500200,NA,8-65-8500200-1984-01-20,CITY OF EUREKA,LOC,NA,OTHER,,CITY OF EUREKA v. NA
10-84-9901320,NA,10-84-9901320-1999-11-15,RIO ET AL,LOC,RIO ET AL,OTHER,,RIO ET AL v. RIO ET AL
5-36-9404000,NA,5-36-9404000-1994-07-02,VAIL ET AL,LOC,PLAINTIFFS',OTHER,,VAIL ET AL v. PLAINTIFFS'
11-3C-8801886,NA,11-3C-8801886-1988-10-11,WEST PALM BEACH,LOC,NA,OTHER,,WEST PALM BEACH v. NA
11-3C-8801886,NA,11-3C-8801886-1988-10-11,WEST PALM BEACH,LOC,NA,OTHER,,WEST PALM BEACH v. NA
11-3C-8801886,NA,11-3C-8801886-1988-10-11,WESTERN PALM BEA,LOC,NA,OTHER,,WESTERN PALM BEA v. NA
1-01-8500489,NA,1-01-8500489-1985-01-31,COHASSET SCITUAT,LOC,MDC,PUB_ORG,,COHASSET SCITUAT v. MDC
9-78-7300128,NA,9-78-7300128-1995-01-03,MINERAL COUNTY,LOC,WALKER RIVER IRRIGAT,PUB_ORG,,MINERAL COUNTY v. WALKER RIVER IRRIGAT
1-01-8500489,NA,1-01-8500489-1985-01-31,NORFOLK,LOC,"MDC, ET AL",PUB_ORG,,"NORFOLK v. MDC, ET AL"
8-65-9000656,NA,8-65-9000656-1983-11-23,ST. ET AL,LOC,STATE ET AL,STA,,ST. ET AL v. STATE ET AL
9-79-1900564,NA,9-79-1900564-2019-04-16,COLUMBIA RIVERKEEPER,NGO,OREGON CATTLEMEN'S A,BIZ,,COLUMBIA RIVERKEEPER v. OREGON CATTLEMEN'S A
9-79-1900564,NA,9-79-1900564-2019-04-16,COLUMBIA RIVERKEEPER,NGO,OREGON CATTLEMEN'S A,BIZ,,COLUMBIA RIVERKEEPER v. OREGON CATTLEMEN'S A
9-81-9300033,NA,9-81-9300033-1993-01-13,DIOXIN ET AL,NGO,LONGVIEW,BIZ,,DIOXIN ET AL v. LONGVIEW
9-78-7300125,NA,9-78-7300125-1984-05-21,NATIONAL FISH AND WI,NGO,"BALE COUNTER, INC.",BIZ,,"NATIONAL FISH AND WI v. BALE COUNTER, INC."
9-7--9800217,NA,9-7--9800217-1998-06-01,NORTHERN ET AL,NGO,EQUINOX ET AL,BIZ,,NORTHERN ET AL v. EQUINOX ET AL
11-27-8400518,NA,11-27-8400518-1984-04-12,SAVE OUR DUNES,NGO,"PEGUES, LEIGH",BIZ,,"SAVE OUR DUNES v. PEGUES, LEIGH"
9-72-8701239,NA,9-72-8701239-1987-08-28,SIERRA ET AL,NGO,DOLE ET AL,BIZ,,SIERRA ET AL v. DOLE ET AL
9-72-0500205,NA,9-72-0500205-2005-10-31,CENTER FOR BIOLOGICA,NGO,QUINCY LIBRARY GROUP,CIVIC,,CENTER FOR BIOLOGICA v. QUINCY LIBRARY GROUP
9-72-0500205,NA,9-72-0500205-2005-10-31,CENTER FOR BIOLOGICA,NGO,QUINCY LIBRARY GROUP,CIVIC,,CENTER FOR BIOLOGICA v. QUINCY LIBRARY GROUP
11-26-7502343,NA,11-26-7502343-1975-12-31,ALABAMA CONSERVA,NGO,U.S. ARMY CORPS,FED,,ALABAMA CONSERVA v. U.S. ARMY CORPS
9-7--1500067,NA,9-7--1500067-2014-11-10,ALASKA WILDERNESS LE,NGO,JEWELL,FED,,ALASKA WILDERNESS LE v. JEWELL
9-77-1700047,NA,9-77-1700047-2017-04-10,ALLIANCE FOR THE WIL,NGO,MARTEN,FED,,ALLIANCE FOR THE WIL v. MARTEN
9-77-0800011,NA,9-77-0800011-2008-02-26,ALLIANCE FOR THE WIL,NGO,TIDWELL,FED,,ALLIANCE FOR THE WIL v. TIDWELL
9-81-2105202,NA,9-81-2105202-2021-03-22,CASCADE FOREST CONSE,NGO,UNITED STATES FOREST,FED,,CASCADE FOREST CONSE v. UNITED STATES FOREST
9-79-2001395,NA,9-79-2001395-2020-08-17,CASCADIA WILDLANDS,NGO,BUREAU OF LAND MANAG,FED,,CASCADIA WILDLANDS v. BUREAU OF LAND MANAG
10-84-0300252,NA,10-84-0300252-2003-03-25,CENTER ET AL,NGO,NORTON ET AL,FED,,CENTER ET AL v. NORTON ET AL
9-72-0002257,NA,9-72-0002257-2000-10-13,EARTH ET AL,NGO,USFS ET AL,FED,,EARTH ET AL v. USFS ET AL
9-71-8206850,NA,9-71-8206850-1982-12-02,EDF ET AL,NGO,REILLY,FED,,EDF ET AL v. REILLY
9-74-0100073,NA,9-74-0100073-2001-01-12,ENDANGERED,NGO,US ET AL,FED,,ENDANGERED v. US ET AL
8-64-9500010,NA,8-64-9500010-1994-12-05,FRIENDS ET AL,NGO,DOMBECK ET AL,FED,,FRIENDS ET AL v. DOMBECK ET AL
4-22-1000270,NA,4-22-1000270-2009-12-14,FRIENDS OF BACK BAY,NGO,UNITED STATES ARMY C,FED,,FRIENDS OF BACK BAY v. UNITED STATES ARMY C
9-76-2000243,NA,9-76-2000243-2020-05-20,FRIENDS OF THE CLEAR,NGO,HIGGINS,FED,,FRIENDS OF THE CLEAR v. HIGGINS
9-77-1300061,NA,9-77-1300061-2013-03-18,FRIENDS OF THE WILD,NGO,JEWELL,FED,,FRIENDS OF THE WILD v. JEWELL
11-3J-1000267,NA,11-3J-1000267-2010-11-05,GEORGIA RIVER NETWOR,NGO,U.S. ARMY CORPS OF E,FED,,GEORGIA RIVER NETWOR v. U.S. ARMY CORPS OF E
9-78-1300078,NA,9-78-1300078-2013-02-15,GREAT BASIN RESOURCE,NGO,BUREAU OF LAND MANAG,FED,,GREAT BASIN RESOURCE v. BUREAU OF LAND MANAG
9-79-0103560,NA,9-79-0103560-2001-07-05,HEADWATERS ET AL,NGO,U.S.,FED,,HEADWATERS ET AL v. U.S.
9-79-0103560,NA,9-79-0103560-2001-07-05,HEADWATERS ET AL,NGO,U.S.,FED,,HEADWATERS ET AL v. U.S.
2-07-8603292,NA,2-07-8603292-1986-10-02,HUDSON RI ET AL,NGO,DEPT OF ET AL,FED,,HUDSON RI ET AL v. DEPT OF ET AL
9-77-1900028,NA,9-77-1900028-2019-04-05,INDIGENOUS ENVIRONME,NGO,TRUMP,FED,,INDIGENOUS ENVIRONME v. TRUMP
9-79-9500419,NA,9-79-9500419-1995-10-25,ISCI,NGO,U.S. ET AL,FED,,ISCI v. U.S. ET AL
6-43-0500181,NA,6-43-0500181-2005-11-27,KENTUCKY RIVERKEEPER,NGO,STROCK,FED,,KENTUCKY RIVERKEEPER v. STROCK
9-72-1802785,NA,9-72-1802785-2018-10-16,KLAMATH-SISKIYOU WIL,NGO,GRANTHAM,FED,,KLAMATH-SISKIYOU WIL v. GRANTHAM
0-90-8002350,NA,0-90-8002350-1980-09-16,NAT.WILD.FED.,NGO,"MARSH, JOHN O.",FED,,"NAT.WILD.FED. v. MARSH, JOHN O."
9-79-0100640,NA,9-79-0100640-2001-05-03,NATIONAL ET AL,NGO,NATIONAL ET AL,FED,,NATIONAL ET AL v. NATIONAL ET AL
9-79-8800752,NA,9-79-8800752-1988-07-08,NATIONAL ET AL,NGO,U.S. ET AL,FED,,NATIONAL ET AL v. U.S. ET AL
9-79-0100640,NA,9-79-0100640-2001-05-03,NATIONAL WILDLIFE FE,NGO,NATIONAL MARINE FISH,FED,,NATIONAL WILDLIFE FE v. NATIONAL MARINE FISH
0-90-0302330,NA,0-90-0302330-2003-11-20,NATL ET AL,NGO,MANSON ET AL,FED,,NATL ET AL v. MANSON ET AL
4-22-9900011,NA,4-22-9900011-1999-01-22,NATL ET AL,NGO,US ET AL,FED,,NATL ET AL v. US ET AL
0-90-0100274,NA,0-90-0100274-2004-03-31,NATL ET AL,NGO,US ET AL,FED,,NATL ET AL v. US ET AL
9-73-9300999,NA,9-73-9300999-1993-09-29,NATURAL ET AL,NGO,USA ET AL,FED,,NATURAL ET AL v. USA ET AL
9-73-9300999,NA,9-73-9300999-1993-10-18,NATURAL ET AL,NGO,USA ET AL,FED,,NATURAL ET AL v. USA ET AL
8-69-0305019,NA,8-69-0305019-2003-02-28,NORTHERN ET AL,NGO,JACKSON ET AL,FED,,NORTHERN ET AL v. JACKSON ET AL
9-81-8800573,NA,9-81-8800573-1990-12-21,NORTHERN ET AL,NGO,LUJAN ET AL,FED,,NORTHERN ET AL v. LUJAN ET AL
9-79-0700063,NA,9-79-0700063-2007-04-27,OREGON NATURAL DESER,NGO,UNITED STATES FOREST,FED,,OREGON NATURAL DESER v. UNITED STATES FOREST
11-3A-1100578,NA,11-3A-1100578-2011-11-03,PUBLIC EMPLOYEES FOR,NGO,"SECRETARY, U.S. DEPA",FED,,"PUBLIC EMPLOYEES FOR v. SECRETARY, U.S. DEPA"
11-28-9700691,NA,11-28-9700691-1998-07-28,SIERRA CLUB,NGO,"BABBITT, BRUCE",FED,,"SIERRA CLUB v. BABBITT, BRUCE"
5-40-8500069,NA,5-40-8500069-1990-05-01,SIERRA CLUB,NGO,YEUTTER,FED,,SIERRA CLUB v. YEUTTER
10-82-8700706,NA,10-82-8700706-1987-05-14,SIERRA ET AL,NGO,DOE ET AL,FED,,SIERRA ET AL v. DOE ET AL
10-88-8700120,NA,10-88-8700120-1987-02-18,SIERRA ET AL,NGO,HODEL ET AL,FED,,SIERRA ET AL v. HODEL ET AL
5-41-0400374,NA,5-41-0400374-2006-12-05,SIERRA ET AL,NGO,JACOBS ET AL,FED,,SIERRA ET AL v. JACOBS ET AL
10-88-8700120,NA,10-88-8700120-1987-02-18,SIERRA ET AL,NGO,LUJAN ET AL,FED,,SIERRA ET AL v. LUJAN ET AL
9-79-8301153,NA,9-79-8301153-1983-07-29,SUISLAW ET AL,NGO,NATIONAL ET AL,FED,,SUISLAW ET AL v. NATIONAL ET AL
9-77-0900096,NA,9-77-0900096-2009-06-18,THE WILDERNESS SOCIE,NGO,TERLAND,FED,,THE WILDERNESS SOCIE v. TERLAND
9-78-1400134,NA,9-78-1400134-2013-06-14,WESTERN WATERSHEDS P,NGO,LUEDERS,FED,,WESTERN WATERSHEDS P v. LUEDERS
9-71-1105651,NA,9-71-1105651-2011-11-22,WILDEARTH GUARDIANS,NGO,JACKSON,FED,,WILDEARTH GUARDIANS v. JACKSON
9-77-0700102,NA,9-77-0700102-2007-07-17,ALLIANCE FOR THE WIL,NGO,AVEY,IND,,ALLIANCE FOR THE WIL v. AVEY
9-79-8906016,NA,9-79-8906016-1989-01-11,"HEADWATERS,",NGO,BUREAU ET AL,IND,,"HEADWATERS, v. BUREAU ET AL"
9-79-8906016,NA,9-79-8906016-1989-01-11,"HEADWATERS, ET A",NGO,BUREAU ET AL,IND,,"HEADWATERS, ET A v. BUREAU ET AL"
6-50-8600837,NA,6-50-8600837-1986-08-25,HISTORIC ET AL,NGO,CARD ET AL,IND,,HISTORIC ET AL v. CARD ET AL
9-70-0200761,NA,9-70-0200761-2002-04-02,SAVE,NGO,FLOWERS ET AL,IND,,SAVE v. FLOWERS ET AL
0-90-0800764,NA,0-90-0800764-2008-12-04,CONGRESS OF RACIAL E,NGO,SAFARI CLUB INTERNAT,NGO,,CONGRESS OF RACIAL E v. SAFARI CLUB INTERNAT
0-90-8500238,NA,0-90-8500238-1985-07-15,NATIONAL WILDLIF,NGO,ROBERT F. BURF,NGO,,NATIONAL WILDLIF v. ROBERT F. BURF
0-90-1000377,NA,0-90-1000377-2010-06-10,SAFARI CLUB INTERNAT,NGO,WILDEARTH GUARDIANS,NGO,,SAFARI CLUB INTERNAT v. WILDEARTH GUARDIANS
10-84-9901320,NA,10-84-9901320-1999-11-15,THE MIDDLE RIO GRAND,NGO,RIO GRANDE SILVERY M,NGO,,THE MIDDLE RIO GRAND v. RIO GRANDE SILVERY M
10-84-9901320,NA,10-84-9901320-1999-11-15,THE MIDDLE RIO GRAND,NGO,RIO GRANDE SILVERY M,NGO,,THE MIDDLE RIO GRAND v. RIO GRANDE SILVERY M
9-77-0400216,NA,9-77-0400216-2004-11-08,ALLIANCE ET AL,NGO,THE ET AL,OTHER,,ALLIANCE ET AL v. THE ET AL
9-72-9706140,NA,9-72-9706140-1997-11-21,BAY ET AL,NGO,SAN ET AL,OTHER,,BAY ET AL v. SAN ET AL
9-79-0100640,NA,9-79-0100640-2001-05-03,COLUMBIA ET AL,NGO,NATL ET AL,OTHER,,COLUMBIA ET AL v. NATL ET AL
3-91-9600114,NA,3-91-9600114-1996-05-30,HAWKSBILL ET AL,NGO,DKT-96-7661 ET,OTHER,,HAWKSBILL ET AL v. DKT-96-7661 ET
10-88-8601000,NA,10-88-8601000-1988-12-20,NATIONAL ET AL,NGO,SALT ET AL,OTHER,,NATIONAL ET AL v. SALT ET AL
9-79-0100640,NA,9-79-0100640-2001-05-03,NATL ET AL,NGO,NATL ET AL,OTHER,,NATL ET AL v. NATL ET AL
9-79-0100640,NA,9-79-0100640-2001-05-03,NATL ET AL,NGO,NATL ET AL,OTHER,,NATL ET AL v. NATL ET AL
0-90-8500973,NA,0-90-8500973-1988-03-25,NATL WILDLIFE,NGO,THOMAS ET AL,OTHER,,NATL WILDLIFE v. THOMAS ET AL
9-81-9200479,NA,9-81-9200479-1992-03-26,SAVE ET AL,NGO,SEATTLE ET AL,OTHER,,SAVE ET AL v. SEATTLE ET AL
9-79-1200642,NA,9-79-1200642-2012-03-19,THE HUMANE SOCIETY O,NGO,BLANK,OTHER,,THE HUMANE SOCIETY O v. BLANK
4-24-1200042,NA,4-24-1200042-2013-06-14,WATERKEEPER ALLIANCE,NGO,ALT,OTHER,,WATERKEEPER ALLIANCE v. ALT
10-89-1600285,NA,10-89-1600285-2016-11-08,EARTHWORKS,NGO,STATE OF WYOMING,STA,,EARTHWORKS v. STATE OF WYOMING
0-90-0800764,NA,0-90-0800764-2008-12-04,SAFARI CLUB INTERNAT,NGO,STATE OF ALASKA,STA,,SAFARI CLUB INTERNAT v. STATE OF ALASKA
0-90-0800764,NA,0-90-0800764-2008-12-04,SAFARI CLUB INTERNAT,NGO,STATE OF ALASKA,STA,,SAFARI CLUB INTERNAT v. STATE OF ALASKA
2-10-30012,NA,2-10-0030012-2003-04-21,CONSERVATION LAW,OTHER,HANNAFORD BROS,BIZ,,CONSERVATION LAW v. HANNAFORD BROS
8-63-8700021,NA,8-63-8700021-1987-02-26,NA,OTHER,ACETO CHM,BIZ,,NA v. ACETO CHM
5-3N-8800237,NA,5-3N-8800237-1988-03-17,NA,OTHER,ALLIED,BIZ,,NA v. ALLIED
5-42-8800300,NA,5-42-8800300-1988-06-02,NA,OTHER,BELL PETROLEUM,BIZ,,NA v. BELL PETROLEUM
9-73-8307996,NA,9-73-8307996-1983-12-12,NONE,OTHER,CADILLAC ET AL,BIZ,,NONE v. CADILLAC ET AL
9-73-8307996,NA,9-73-8307996-1983-12-09,NONE,OTHER,CADILLAC ET AL,BIZ,,NONE v. CADILLAC ET AL
10-82-2003668,NA,10-82-2003668-2020-12-15,CITIZENS FOR CONSTIT,OTHER,UNITED STATES OF AME,FED,,CITIZENS FOR CONSTIT v. UNITED STATES OF AME
10-82-2100923,NA,10-82-2100923-2021-03-31,CITIZENS FOR CONSTIT,OTHER,UNITED STATES OF AME,FED,,CITIZENS FOR CONSTIT v. UNITED STATES OF AME
9-79-6800513,NA,9-79-6800513-1979-11-07,NONE ET AL,OTHER,USA ET AL,FED,,NONE ET AL v. USA ET AL
9-70-8900410,NA,9-70-8900410-1989-02-27,NONE ET AL,OTHER,YEUTTER ET AL,FED,,NONE ET AL v. YEUTTER ET AL
9-73-9300499,NA,9-73-9300499-1993-05-05,THE ET AL,OTHER,UNITED ET AL,FED,,THE ET AL v. UNITED ET AL
9-76-9300333,NA,9-76-9300333-1993-08-31,V-1,OTHER,USA,FED,,V-1 v. USA
9-80-0203079,NA,9-80-0203079-2002-07-29,CONF,OTHER,MCDONALD ET AL,IND,,CONF v. MCDONALD ET AL
9-77-0200200,NA,9-77-0200200-2002-11-09,THE ET AL,OTHER,CASTANEDA ET A,IND,,THE ET AL v. CASTANEDA ET A
11-3C-8801886,NA,11-3C-8801886-1988-10-11,NA,OTHER,CITY OF BELLE G,LOC,,NA v. CITY OF BELLE G
11-28-9500033,NA,11-28-9500033-1995-07-25,-8,OTHER,"STASSINPOULOS,",OTHER,,"-8 v. STASSINPOULOS,"
9-80-8100547,NA,9-80-8100547-1981-09-10,FRANKLIN,OTHER,SKINNER ET AL,OTHER,,FRANKLIN v. SKINNER ET AL
8-60-8600678,NA,8-60-8600678-1986-11-12,NA,OTHER,SOUTHERN,OTHER,,NA v. SOUTHERN
9-81-9200479,NA,9-81-9200479-1992-03-26,NATIVE ET AL,OTHER,SEATTLE ET AL,OTHER,,NATIVE ET AL v. SEATTLE ET AL
9-77-8200015,NA,9-77-8200015-1982-02-10,NONE,OTHER,BOB ET AL,OTHER,,NONE v. BOB ET AL
9-77-8200015,NA,9-77-8200015-1982-02-10,NONE,OTHER,BOB ET AL,OTHER,,NONE v. BOB ET AL
9-77-7800110,NA,9-77-7800110-1978-07-13,NONE ET AL,OTHER,THE ET AL,OTHER,,NONE ET AL v. THE ET AL
5-41-9900419,NA,5-41-9900419-1999-12-16,SEALED,OTHER,SEALED,OTHER,,SEALED v. SEALED
11-3C-8801886,NA,11-3C-8801886-1988-10-11,NA,OTHER,SOUTH FL WATER,PUB_ORG,,NA v. SOUTH FL WATER
9-78-7300125,NA,9-78-7300125-1984-05-21,WALKER RIVER IRRIGAT,PUB_ORG,"BALE COUNTER, INC.",BIZ,,"WALKER RIVER IRRIGAT v. BALE COUNTER, INC."
2-06-8700920,NA,2-06-8700920-1987-07-10,CORNELL ET AL,PUB_ORG,USA ET AL,FED,,CORNELL ET AL v. USA ET AL
2-06-8700920,NA,2-06-8700920-1987-07-10,CORNELL ET AL,PUB_ORG,USA ET AL,FED,,CORNELL ET AL v. USA ET AL
6-47-9107172,NA,6-47-9107172-1991-03-29,EMERY,PUB_ORG,USA,FED,,EMERY v. USA
9-78-7300031,NA,9-78-7300031-1993-01-28,TRUCKEE-CARSON IRRIG,PUB_ORG,UNITED STATES OF AME,FED,,TRUCKEE-CARSON IRRIG v. UNITED STATES OF AME
9-72-9205212,NA,9-72-9205212-1992-03-20,WESTLANDS ET AL,PUB_ORG,USA,FED,,WESTLANDS ET AL v. USA
1-04-7800038,NA,1-04-7800038-1978-01-12,PR AQUEDUCT,PUB_ORG,NA,OTHER,,PR AQUEDUCT v. NA
8-64-0301555,NA,8-64-0301555-2003-07-24,NE ET AL,STA,AMERICAN ET AL,BIZ,,NE ET AL v. AMERICAN ET AL
9-78-7300125,NA,9-78-7300125-1984-05-21,NEVADA DEPARTMENT OF,STA,"BALE COUNTER, INC.",BIZ,,"NEVADA DEPARTMENT OF v. BALE COUNTER, INC."
9-78-7300125,NA,9-78-7300125-1984-05-21,NEVADA STATE ENGINEE,STA,"BACKTRACK, LLC",BIZ,,"NEVADA STATE ENGINEE v. BACKTRACK, LLC"
8-64-0301555,NA,8-64-0301555-2003-07-24,STATE ET AL,STA,AMERICAN ET AL,BIZ,,STATE ET AL v. AMERICAN ET AL
8-63-8700021,NA,8-63-8700021-1987-02-26,STATE IOWA ETAL,STA,ACETO ETAL,BIZ,,STATE IOWA ETAL v. ACETO ETAL
9-7--9400033,NA,9-7--9400033-1994-11-01,ALASKA ET AL,STA,MORRISON ET AL,FED,,ALASKA ET AL v. MORRISON ET AL
2-06-8700920,NA,2-06-8700920-1987-07-10,ALCAN,STA,USA,FED,,ALCAN v. USA
2-06-8700920,NA,2-06-8700920-1987-07-10,ALCAN ET AL,STA,USA ET AL,FED,,ALCAN ET AL v. USA ET AL
2-06-8700920,NA,2-06-8700920-1987-07-10,ALCAN ET AL,STA,USA ET AL,FED,,ALCAN ET AL v. USA ET AL
9-72-8700816,NA,9-72-8700816-1987-06-02,CALIFORNIA ET AL,STA,HODEL ET AL,FED,,CALIFORNIA ET AL v. HODEL ET AL
9-72-0802483,NA,9-72-0802483-2008-10-19,CONSERVATION CONGRES,STA,UNITED STATES FOREST,FED,,CONSERVATION CONGRES v. UNITED STATES FOREST
9-72-0802483,NA,9-72-0802483-2008-10-19,CONSERVATION CONGRES,STA,UNITED STATES FOREST,FED,,CONSERVATION CONGRES v. UNITED STATES FOREST
9-72-1300934,NA,9-72-1300934-2013-05-12,CONSERVATION CONGRES,STA,UNITED STATES FOREST,FED,,CONSERVATION CONGRES v. UNITED STATES FOREST
3-91-8400104,NA,3-91-8400104-1984-03-21,GOVT,STA,USA,FED,,GOVT v. USA
9-76-9100011,NA,9-76-9100011-2001-01-09,IDAHO ET AL,STA,KEMPTHORNE ET,FED,,IDAHO ET AL v. KEMPTHORNE ET
0-90-9900892,NA,0-90-9900892-2001-04-08,KY,STA,NORTON,FED,,KY v. NORTON
9-93-0000060,NA,9-93-0000060-2000-04-03,MARIANAS ET AL,STA,NORTON ET AL,FED,,MARIANAS ET AL v. NORTON ET AL
8-66-9804282,NA,8-66-9804282-1998-11-12,MO ET AL,STA,EPA ET AL,FED,,MO ET AL v. EPA ET AL
5-40-8700036,NA,5-40-8700036-1987-03-19,SABINE RIVER,STA,DEPT. OF INTERI,FED,,SABINE RIVER v. DEPT. OF INTERI
5-40-8700036,NA,5-40-8700036-1987-03-19,SABINE RIVER AUT,STA,DEPT INTERIOR,FED,,SABINE RIVER AUT v. DEPT INTERIOR
10-82-8602524,NA,10-82-8602524-1983-12-09,STATE,STA,U.S.,FED,,STATE v. U.S.
4-17-8400036,NA,4-17-8400036-1984-01-12,STATE ET AL,STA,HUDSON ET AL,FED,,STATE ET AL v. HUDSON ET AL
8-64-0301555,NA,8-64-0301555-2003-07-31,STATE ET AL,STA,U.S. ET AL,FED,,STATE ET AL v. U.S. ET AL
8-64-0301555,NA,8-64-0301555-2003-07-24,STATE ET AL,STA,U.S. ET AL,FED,,STATE ET AL v. U.S. ET AL
9-81-8900583,NA,9-81-8900583-1989-11-14,STATE ET AL,STA,USA,FED,,STATE ET AL v. USA
9-79-0100640,NA,9-79-0100640-2001-05-03,STATE OF OREGON,STA,NATIONAL MARINE FISH,FED,,STATE OF OREGON v. NATIONAL MARINE FISH
10-89-9900031,NA,10-89-9900031-1999-02-01,WY,STA,U. ET AL,FED,,WY v. U. ET AL
6-45-7974681,NA,6-45-7974681-1979-12-12,MI ET AL,STA,ALLEN ET AL,IND,,MI ET AL v. ALLEN ET AL
9-77-9200096,NA,9-77-9200096-1992-09-09,MONTANA ET AL,STA,MADIGAN ET AL,IND,,MONTANA ET AL v. MADIGAN ET AL
0-90-1601602,NA,0-90-1601602-2016-08-05,STONE-MANNING,STA,ASSOCIATION OF O&C C,LOC,,STONE-MANNING v. ASSOCIATION OF O&C C
10-82-8400002,NA,10-82-8400002-1984-01-03,COLO.,STA,SIERRA ET AL,NGO,,COLO. v. SIERRA ET AL
10-82-8400002,NA,10-82-8400002-1984-01-03,COLO.,STA,SIERRA ET AL,NGO,,COLO. v. SIERRA ET AL
9-77-1300061,NA,9-77-1300061-2013-03-18,MONTANA BOARD OF LAN,STA,FRIENDS OF THE WILD,NGO,,MONTANA BOARD OF LAN v. FRIENDS OF THE WILD
4-17-1500029,NA,4-17-1500029-2015-01-21,NORTH CAROLINA DEPAR,STA,CATAWBA RIVERKEEPER,NGO,,NORTH CAROLINA DEPAR v. CATAWBA RIVERKEEPER
9-81-9506244,NA,9-81-9506244-1995-08-09,OREGON ET AL,STA,NORTHWEST ET A,NGO,,OREGON ET AL v. NORTHWEST ET A
0-90-0800764,NA,0-90-0800764-2008-12-04,STATE OF ALASKA,STA,SAFARI CLUB INTERNAT,NGO,,STATE OF ALASKA v. SAFARI CLUB INTERNAT
0-90-1101548,NA,0-90-1101548-2011-08-29,STATE OF ARIZONA,STA,NATIONAL PARKS CONSE,NGO,,STATE OF ARIZONA v. NATIONAL PARKS CONSE
9-79-0100640,NA,9-79-0100640-2001-05-03,STATE OF IDAHO,STA,NATIONAL WILDLIFE FE,NGO,,STATE OF IDAHO v. NATIONAL WILDLIFE FE
9-79-0100640,NA,9-79-0100640-2001-05-03,STATE OF IDAHO,STA,NATIONAL WILDLIFE FE,NGO,,STATE OF IDAHO v. NATIONAL WILDLIFE FE
9-76-1600083,NA,9-76-1600083-2016-02-25,STATE OF IDAHO,STA,WESTERN WATERSHEDS P,NGO,,STATE OF IDAHO v. WESTERN WATERSHEDS P
0-90-2102317,NA,0-90-2102317-2021-08-31,STATE OF LOUISIANA,STA,FRIENDS OF THE EARTH,NGO,,STATE OF LOUISIANA v. FRIENDS OF THE EARTH
9-79-0100640,NA,9-79-0100640-2001-05-03,STATE OF MONTANA,STA,NATIONAL WILDLIFE FE,NGO,,STATE OF MONTANA v. NATIONAL WILDLIFE FE
9-79-0100640,NA,9-79-0100640-2001-05-03,STATE OF MONTANA,STA,NATIONAL WILDLIFE FE,NGO,,STATE OF MONTANA v. NATIONAL WILDLIFE FE
9-77-1900044,NA,9-77-1900044-2019-07-01,STATE OF MONTANA,STA,NORTHERN PLAINS RESO,NGO,,STATE OF MONTANA v. NORTHERN PLAINS RESO
10-84-9901320,NA,10-84-9901320-1999-11-15,STATE OF NEW MEXICO,STA,RIO GRANDE SILVERY M,NGO,,STATE OF NEW MEXICO v. RIO GRANDE SILVERY M
9-76-1600083,NA,9-76-1600083-2016-02-25,STATE OF UTAH,STA,WESTERN WATERSHEDS P,NGO,,STATE OF UTAH v. WESTERN WATERSHEDS P
9-79-0100640,NA,9-79-0100640-2001-05-03,STATE OF WASHINGTON,STA,NATIONAL WILDLIFE FE,NGO,,STATE OF WASHINGTON v. NATIONAL WILDLIFE FE
9-81-1101759,NA,9-81-1101759-2011-10-21,"STATE OF WASHINGTON,",STA,SIERRA CLUB,NGO,,"STATE OF WASHINGTON, v. SIERRA CLUB"
9-76-1600083,NA,9-76-1600083-2016-02-25,STATE OF WYOMING,STA,WESTERN WATERSHEDS P,NGO,,STATE OF WYOMING v. WESTERN WATERSHEDS P
9-76-1800187,NA,9-76-1800187-2018-04-30,STATE OF WYOMING,STA,WESTERN WATERSHEDS P,NGO,,STATE OF WYOMING v. WESTERN WATERSHEDS P
9-76-1800187,NA,9-76-1800187-2018-04-30,STATE OF WYOMING,STA,WESTERN WATERSHEDS P,NGO,,STATE OF WYOMING v. WESTERN WATERSHEDS P
0-90-1601599,NA,0-90-1601599-2016-08-05,STONE-MANNING,STA,AMERICAN FOREST RESO,NGO,,STONE-MANNING v. AMERICAN FOREST RESO
9-7--9400080,NA,9-7--9400080-1994-02-25,ALASKA,STA,ROBINSON,OTHER,,ALASKA v. ROBINSON
9-81-9500425,NA,9-81-9500425-1995-10-27,IDAHO ET AL,STA,THOMAS ET AL,OTHER,,IDAHO ET AL v. THOMAS ET AL
11-3C-8102373,NA,11-3C-8102373-1981-10-26,"MCC OF FLORIDA,",STA,NA,OTHER,,"MCC OF FLORIDA, v. NA"
8-67-7800090,NA,8-67-7800090-1976-11-24,STATE ET AL,STA,NATL. ET AL,OTHER,,STATE ET AL v. NATL. ET AL
10-84-9901320,NA,10-84-9901320-1999-11-15,STATE ET AL,STA,RIO ET AL,OTHER,,STATE ET AL v. RIO ET AL
10-84-9901320,NA,10-84-9901320-1999-11-15,STATE ET AL,STA,RIO ET AL,OTHER,,STATE ET AL v. RIO ET AL
8-64-0301555,NA,8-64-0301555-2003-07-24,"MANDAN, ET AL",TRIBE,AMERICAN ET AL,BIZ,,"MANDAN, ET AL v. AMERICAN ET AL"
9-70-0501914,NA,9-70-0501914-2005-06-17,HUALAPAI ET AL,TRIBE,USFS ET AL,FED,,HUALAPAI ET AL v. USFS ET AL
9-70-0501914,NA,9-70-0501914-2005-06-17,HUALAPAI TRIBE,TRIBE,UNITED STATES FOREST,FED,,HUALAPAI TRIBE v. UNITED STATES FOREST
9-76-0400299,NA,9-76-0400299-2004-06-18,NEZ,TRIBE,NOAA ET AL,FED,,NEZ v. NOAA ET AL
9-78-8600115,NA,9-78-8600115-1986-03-06,PLPTI,TRIBE,US ET AL,FED,,PLPTI v. US ET AL
9-78-2100080,NA,9-78-2100080-2021-02-11,RENO-SPARKS INDIAN C,TRIBE,MCCULLOUGH,FED,,RENO-SPARKS INDIAN C v. MCCULLOUGH
9-78-7300125,NA,9-78-7300125-1984-05-21,WALKER RIVER PAIUTE,TRIBE,UNITED STATES BOARD,FED,,WALKER RIVER PAIUTE v. UNITED STATES BOARD
9-78-0600497,NA,9-78-0600497-2006-04-20,WINNEMUCCA INDIAN CO,TRIBE,UNITED STATES OF AME,FED,,WINNEMUCCA INDIAN CO v. UNITED STATES OF AME
9-79-0100640,NA,9-79-0100640-2001-05-03,KOOTENAI TRIBE OF ID,TRIBE,NATIONAL WILDLIFE FE,NGO,,KOOTENAI TRIBE OF ID v. NATIONAL WILDLIFE FE
11-3C-8801886,NA,11-3C-8801886-1988-10-11,MICCOSUKEE TRIBE OF,TRIBE,SOUTH FLORIDA WATER,PUB_ORG,,MICCOSUKEE TRIBE OF v. SOUTH FLORIDA WATER