fjc_ID,CIRCUIT,DISTRICT,OFFICE,DOCKET,FILEDATE,TERMDATE,PLT,PLT_typ,DEF,DEF_typ,DISP,In sample?,Statute/s,Environmental case?,Short summary,
9-71-2203291-2022-06-06-1,9,71,3,2203291,6/6/22,1/1/00,SAN MATEO INVESTMENT CO.,BIZ,"ESTATE OF ROBERT MASCIO, ET AL",STA,-8,Complaint,CERCLA,Y,recoup cleanup costs from chemical spills from dry cleaning company,
3-12-8904357-1989-10-10-1,3,12,3,8904357,10/10/89,4/23/92,THE CINCINNATI GEAR CO.,BIZ,F. L. SMIDTH & CO.,BIZ,13,No Documents,RCRA,Y,42:6901 Resource & Recovery Act,
4-22-0900311-2009-03-23-1,4,22,1,0900311,3/23/09,10/30/09,"CREST DEVELOPMENT, LLC, ET AL",BIZ,"AMERICAN TOWER MANAGEMENT, LLC",BIZ,14,Complaint,TSCA,Y,knowing and willful failure to abate hazardous conditions at a telecommunicatiosn tower,
9-81-8901342-1989-09-07-1,9,81,2,8901342,9/7/89,4/23/91,NORTH CASCADES CONSE,BIZ,"LUJAN, ET AL",FED,5,No Documents,NEPA,Y,42:4321 Review of Agency Action-Environment,
10-83-9302464-1993-11-10-1,10,83,2,9302464,11/10/93,4/26/96,INX INTERNATIONAL,BIZ,"PRATT & LAMBERT INC, ET AL",BIZ,12,No Documents,CWA,Y,33:1365 Environmental Matters,
7-52-7902632-1979-06-26-1,7,52,1,7902632,6/26/79,6/27/88,CONSEIL,BIZ,BUGSIER,IND,13,Cannot find case,,Y,,
11-3C-0861422-2008-09-08-1,11,3C,0,0861422,9/8/08,1/11/10,"CHICK-FIL-A, INC., ET AL",BIZ,EXXONMOBIL CORPORATION,BIZ,13,Complaint,RCRA,Y,Chick-fil-A suing Exxon for contamination of property,
10-89-9400227-1994-09-02-1,10,89,2,9400227,9/2/94,6/5/98,"DOW CHEMICAL COMPANY, ET AL",BIZ,SINCLAIR OIL CORP,BIZ,12,No Documents,CERCLA,Y,42:9607 Real Property Tort to Land,
9-72-9701853-1997-10-03-1,9,72,2,9701853,10/3/97,5/8/98,"AMERICAN STORES PROP, ET AL",BIZ,"CITY OF LODI, ET AL",LOC,17,No Documents,,Y,,
9-73-8801855-1988-04-06-1,9,73,2,8801855,4/6/88,6/14/90,PRUDENTIAL INS,BIZ,BECKMAN INSTRUMENT,BIZ,3,Cannot find case,,Y,,
9-71-1804060-2018-07-06-1,9,71,5,1804060,7/6/18,1/16/19,SHARKS SPORTS & ENTERTAINMENT,BIZ,"FEDERAL TRANSIT ADMINIS, ET AL",FED,18,No Documents,NEPA,Y,42:4332 Environmental Policy - Coop of Agency Reports,
11-3J-1100174-2015-05-17-1,11,3J,1,1100174,5/17/15,4/9/18,"JONES CREEK INVESTORS, , ET AL",BIZ,"COLUMBIA COUNTY, GEORGI, ET AL",LOC,13,Complaint,CWA,Y,33:1365 Environmental Matters,
5-3L-1810459-2018-11-05-1,5,3L,2,1810459,11/5/18,11/30/18,"BP EXPLORATION & PRODUC, ET AL",BIZ,CLAIMANT ID 100001594,IND,13,No Documents,OPA,Y,33:2701 - Oil Pollution Act,
5-3L-1605907-2016-05-14-1,5,3L,2,1605907,5/14/16,3/26/19,"WEISENGER HYDRO SEEDING, ET AL",BIZ,"BP EXPLORATION & PRODUC, ET AL",BIZ,13,Complaint,OPA,Y,33:2701 - Oil Pollution Act,
6-46-8900967-1995-11-08-1,6,46,1,8900967,11/8/95,7/17/96,"HARROW PRODUCTS, INC",BIZ,"LIBERTY MUTUAL INS., ET AL",BIZ,6,No Documents,CERCLA,Y,42:9607 Real Property Tort to Land,
9-73-9400164-1994-01-07-1,9,73,2,9400164,1/7/94,6/6/94,"ENVIRONMENTAL COAL, ET AL",BIZ,"BROWN, ET AL",IND,6,No Documents,Nuclear Waste Policy Act,Y,42:4321 Review of Agency Action-Environment,
0-90-8901483-1989-05-23-1,0,90,1,8901483,5/23/89,4/29/92,"FOUNDATION ON ECON., ET AL",BIZ,"WATKINS, ET AL",FED,6,Complaint; see note,CWA,Y,33:1365 Environmental Matters; available complaint seems to be wrong document.,
4-16-0801379-2008-05-28-1,4,16,8,0801379,5/28/08,3/10/09,"PRSC, LLC, ET AL",BIZ,"ADMIRAL, INC.",BIZ,6,Complaint,CERCLA; SWDA,Y,42:6901 Environmental Cleanup Expenses (congressional findings),
9-79-0101698-2001-11-21-1,9,79,3,0101698,11/21/01,11/7/02,ICN PHARMACEUTICALS INC,BIZ,CITY OF PORTLAND,LOC,12,No Documents ,,Y,28:1332 Diversity-Declaratory Judgment,
9-74-9700295-1998-01-09-1,9,74,3,9700295,1/9/98,7/22/98,"SAVE OUR BAY INC, ET AL",BIZ,"INTL BOUNDARY, ET AL",BIZ,6,,,Y,,NOT A BIZ PLAINTIFF
2-08-0006016-2000-08-14-1,2,08,1,0006016,8/14/00,8/15/02,87TH STREET OWNERS,BIZ,CARNEGIE HILL-87TH,UNKNOWN,6,No Documents,SWDA,Y,42:6901en Environmental Cleanup Expenses (congressional findings),
7-54-2100207-2021-02-23-1,7,54,3,2100207,2/23/21,1/1/00,"CTI DEVELOPMENT, LLC",BIZ,"CITIGROUP INC. , ET AL",BIZ,-8,Complaint,CERCLA,Y,42:9607 Real Property Tort to Land,
3-13-0100280-2011-09-21-1,3,13,2,0100280,9/21/11,9/21/11,LUCENT TECHNOLOGIES INC.,BIZ,"EXIDE CORPORATION, ET AL",BIZ,13,,,Y,28:1446 Notice of Removal- Property Damage,
8-60-9900315-2004-04-20-1,8,60,3,9900315,4/20/04,6/27/05,"SIGNATURE COMBS INC, ET AL",BIZ,WEST MEMPHIS,LOC,13,No Documents ,CWA,Y,33:1365 Environmental Matters,
9-73-1003611-2010-05-13-1,9,73,2,1003611,5/13/10,2/1/12,"HINDS INVESTMENTS, L.P., ET AL",BIZ,"BOWE PERMAC, INC., ET AL",BIZ,14,Complaint,RCRA; CERCLA,Y,,
6-45-9871290-1998-03-23-1,6,45,2,9871290,3/23/98,9/17/98,TOYODA MACH USA CORP,BIZ,"TEXTRON INC, ET AL",BIZ,12,No Documents,,Y,No info,
9-71-9000169-1990-01-19-1,9,71,3,9000169,1/19/90,11/21/90,JONES-HAMILTON CO.,BIZ,KOP-COAT INC.,BIZ,6,No Documents,,Y,,
2-09-8801178-1988-10-27-1,2,09,1,8801178,10/27/88,8/6/90,MOOSE OIL CO,BIZ,USA ETL,FED,6,No Documents,,Y,,
3-12-1811634-2018-07-13-1,3,12,2,1811634,7/13/18,8/9/18,OCCIDENTAL CHEMICAL CORPORATIO,BIZ,"EPEC  POLYMERS, INC., ET AL",BIZ,12,Complaint,CERCLA,Y,42:9613 CERCLA,
7-53-8803326-1988-12-22-1,7,53,3,8803326,12/22/88,11/9/89,OLD BEN COAL COMPANY,BIZ,"US DEPT OF INTERIOR, ET  AL",FED,14,No Documents,CERCLA,Y,30:1201 Environment: Review of Agency Action,
0-90-2103276-2021-12-15-1,0,90,1,2103276,12/15/21,6/28/22,"SEAFREEZE SHORESIDE, IN, ET AL",BIZ,"UNITED STATES DEPARTMEN, ET AL",FED,0,Complaint,"Outer Continental Shelf Lands Act, the Endangered Species Act, the Clean Water Act, the Marine Mammal Protection Act, the National Environmental Policy Act",Y,42:4321 Review of Agency Action-Environment ,
0-90-1501323-2015-08-14-1,0,90,1,1501323,8/14/15,8/19/15,AMERICAN EXPLORATION & MINING,BIZ,"U.S. ENVIRONMENTAL PROT, ET AL",FED,12,Complaint,"CWA, APA, RFA",Y,05:551 Administrative Procedure Act,
0-90-0000520-2000-03-10-1,0,90,1,0000520,3/10/00,7/19/00,"NORTHWEST ECOSYSTEM, ET AL",BIZ,"CLARK, ET AL",FED,13,Complaint,MBA,Y,16:703 Migratory Bird Act,
5-3L-1811649-2018-11-28-1,5,3L,2,1811649,11/28/18,1/10/19,"BP EXPLORATION & PRODUC, ET AL",BIZ,CLAIMANT ID 100257462,IND,13,No Documents,OPA,Y,33:2701 - Oil Pollution Act,
2-06-9100948-1991-08-22-1,2,06,3,9100948,8/22/91,7/13/92,MINERALS PROCESSING,BIZ,GENERAL MOTORS,BIZ,12,No Documents,CERCLA,Y,42:9607 Real Property Tort to Land,
9-80-1800347-2018-11-05-1,9,80,2,1800347,11/5/18,4/16/19,"B&B INVESTMENT PROPERTI, ET AL",BIZ,"UNITED STATES FAIRCHILD, ET AL",FED,10,,,,,
10-89-9100223-1991-09-06-1,10,89,2,9100223,9/6/91,11/18/91,PRAIRIE DOG RESCUR INC,BIZ,UN STATES WILDLIFE SVC,NGO,14,,,,,
9-71-8901795-1986-09-12-1,9,71,3,8901795,9/12/86,8/31/90,"P.S.HURLBUT,INC",BIZ,ACUREX CORP,BIZ,13,,,,,
1-00-9300266-1993-09-22-1,1,00,2,9300266,9/22/93,6/27/94,"BROWN REALTY INC, ET AL",BIZ,LEE DODGE,BIZ,12,,,,,
2-06-0200452-2002-03-26-1,2,06,7,0200452,3/26/02,8/5/02,FINGER LAKES IRON,BIZ,"COVANTA ONONDAGA,, ET AL",BIZ,0,,,,,
7-56-0900633-2009-05-21-1,7,56,1,0900633,5/21/09,9/1/10,"MERVIS INDUSTRIES, INC.",BIZ,"PPG INDUSTRIES, INC.",BIZ,13,,,,,
2-08-8208372-1982-12-16-1,2,08,1,8208372,12/16/82,6/19/89,COUNCIL OF COMMUTER,BIZ,METRO TRANSPOR,FED,14,,,,,
9-73-0000519-2000-01-13-1,9,73,2,0000519,1/13/00,5/2/01,CITRUS CENTER LLC,BIZ,"VAN MAANEN/ESTATE OF, ET AL",IND,13,,,,,
0-90-0100274-2001-02-06-1,0,90,1,0100274,2/6/01,3/31/04,NATIONAL ASSOC.,BIZ,"US ARMY CORPS/ENG., ET AL",FED,6,,,,,
0-90-0102311-2001-11-06-1,0,90,1,0102311,11/6/01,10/31/02,"BUILDING INDUSTRY, ET AL",BIZ,"NORTON, ET AL",FED,11,,,,,
11-3E-1003072-2010-09-24-1,11,3E,1,1003072,9/24/10,5/5/11,"ORMOND LAND PARTNERS, LLC",BIZ,"FAIRGREEN DEVELOPMENT G, ET AL",BIZ,13,,,,,
5-3L-1003248-2010-09-29-1,5,3L,2,1003248,9/29/10,9/6/18,"SUNRISE RENTALS ENTERPR, ET AL",BIZ,"BP P.L.C., ET AL",BIZ,14,,,,,
9-77-8900041-1989-02-23-1,9,77,6,8900041,2/23/89,11/6/91,RESOURCES LTD INC,BIZ,ROBERTSON,FED,6,,,,,
6-46-1500597-2015-06-09-1,6,46,1,1500597,6/9/15,9/15/16,"NEWELL RUBBERMAID, INC., ET AL",BIZ,"BOSGRAAF, ET AL",IND,6,,,,,
1-01-9711400-1997-06-19-1,1,01,1,9711400,6/19/97,7/9/99,"MASSACHUSETTS, COMMO",BIZ,"DALEY, ET AL",FED,6,,,,,
5-3L-1605741-2016-05-13-1,5,3L,2,1605741,5/13/16,7/11/19,"BIG TUNA SEAFOOD, LLC",BIZ,"BP PLC, ET AL",BIZ,14,,,,,
5-3L-1803806-2018-04-11-1,5,3L,2,1803806,4/11/18,1/9/19,"BP EXPLORATION & PRODUC, ET AL",BIZ,CLAIMANT ID 100169328,IND,13,,,,,
6-44-9000035-1990-02-26-1,6,44,4,9000035,2/26/90,2/15/94,EASTERN RESOURCES INC,BIZ,MERCER ETAL,FED,13,,,,,
5-3L-1302771-2013-05-10-1,5,3L,2,1302771,5/10/13,7/11/19,"MMIF, LLC",BIZ,"BP EXPLORATION & PRODUC, ET AL",BIZ,14,,,,,
7-52-7902631-1979-06-26-1,7,52,1,7902631,6/26/79,6/27/88,AMOCO TRANSPORT CO,BIZ,BUGSIER,IND,13,,,,,
5-3L-1804970-2018-05-16-1,5,3L,2,1804970,5/16/18,5/29/18,"BP EXPLORATION & PRODUC, ET AL",BIZ,CLAIMANT ID 100318689,IND,13,,,,,
6-45-8971766-1989-06-05-1,6,45,2,8971766,6/5/89,10/5/89,ACA REALTY CO,BIZ,"MAURICE J. FRIED, ET AL",IND,13,,,,,
3-13-9606214-1996-09-11-1,3,13,2,9606214,9/11/96,2/11/99,"PENN FUEL GAS, INC., ET AL",BIZ,PENN. ELECTRIC CO,BIZ,13,,,,,
5-3L-1503193-2015-08-03-1,5,3L,2,1503193,8/3/15,8/17/15,"BP EXPLORATION & PRODUCTION, I",BIZ,CLAIMANT ID 100146577,IND,13,,,,,
11-27-9000909-1990-08-24-1,11,27,3,9000909,8/24/90,3/29/91,ACTION REMEDIATION,BIZ,CARTER FARMS,BIZ,13,,,,,
0-90-0300645-2003-03-11-1,0,90,1,0300645,3/11/03,8/19/09,CHEMICAL WEAPONS WORKING GROUP,BIZ,UNITED STATES DEPARTMENT OF DE,FED,6,,,,,
9-70-0200645-2002-04-09-1,9,70,2,0200645,4/9/02,11/16/02,ARIZONA CATTLE GROWE,BIZ,"FWS, ET AL",FED,14,,,,,
6-48-9300253-1993-07-09-1,6,48,3,9300253,7/9/93,9/24/93,SOUTHDOWN INC,BIZ,USX CORPORATION,BIZ,12,,,,,
10-82-1102896-2011-11-07-1,10,82,1,1102896,11/7/11,2/25/15,WATER SUPPLY AND STORAGE COMPA,BIZ,"UNITED STATES DEPARTMEN, ET AL",FED,13,,,,,
8-61-9901112-1999-09-01-1,8,61,1,9901112,9/1/99,5/18/00,HIGHLAND INDUSTRIAL,BIZ,ISRAEL MILITARY IND,BIZ,2,,,,,
9-71-9220756-1992-11-30-1,9,71,5,9220756,11/30/92,8/8/95,CARGILL INC.,BIZ,SECRETARY OF THE ARMY,FED,5,,,,,
11-3A-9200145-1992-08-12-1,11,3A,5,9200145,8/12/92,2/25/94,FLORIDA MEDICAL IND.,BIZ,"CONOPCO, INC.",BIZ,13,,,,,
9-7--9200225-1992-02-14-1,9,7-,3,9200225,2/14/92,9/24/96,"COOKE, LELAND ET AL",BIZ,EXXON CO. U.S.A. ET AL,BIZ,17,,,,,
10-84-0200199-2002-02-20-1,10,84,1,0200199,2/20/02,8/31/04,"NEW MEXICO CATTLE, ET AL",BIZ,"UNITED STATES FISH, ET AL",FED,11,,,,,
2-05-1801657-2022-09-30-1,2,05,3,1801657,9/30/22,1/1/00,"OLD GATE PARTNERS, LLC",BIZ,"OWENS-ILLINOIS, INC, ET AL",BIZ,-8,,,,,
5-3L-1604974-2016-05-11-1,5,3L,2,1604974,5/11/16,10/18/16,VA CHENG CORP.,BIZ,"BP EXPLORATION & PRODUC, ET AL",BIZ,12,,,,,
10-82-0000717-2000-04-07-1,10,82,1,0000717,4/7/00,9/18/02,"CHAMPIONS GOLD CAMP, ET AL",BIZ,"NELSON, ET AL",IND,3,,,,,
7-52-9106234-1991-10-01-1,7,52,1,9106234,10/1/91,9/19/94,"DIVERSEY US HOLDINGS, ET AL",BIZ,SARE LEE CORP,BIZ,9,,,,,
5-3L-1504654-2015-09-24-1,5,3L,2,1504654,9/24/15,8/11/21,ECONOMIC & PROPERTY DAMAGES SE,BIZ,"HALLIBURTON ENERGY SERVICES, I",BIZ,18,,,,,
2-06-0701075-2007-10-11-1,2,06,1,0701075,10/11/07,12/6/10,"DVL, INC.",BIZ,GENERAL ELECTRIC COMPANY,BIZ,6,,,,,
6-47-9302269-1993-10-25-1,6,47,5,9302269,10/25/93,11/21/02,GENCORP INC.,BIZ,OLIN CORPORATION,BIZ,14,,,,,
6-43-9200074-1992-04-20-1,6,43,6,9200074,4/20/92,1/12/99,VIRGIL BRCKETT IND ETL,BIZ,MCGRAW EDISON CO,BIZ,13,,,,,
5-3L-1705827-2017-06-15-1,5,3L,2,1705827,6/15/17,9/7/18,C&C MARINE LLC,BIZ,"BP EXPLORATION & PRODUC, ET AL",BIZ,14,,,,,
11-3A-9400455-1994-03-21-1,11,3A,8,9400455,3/21/94,5/6/96,FLORIDA TILE INDUST,BIZ,"CONTINENTAL HOLDINGS, ET AL",BIZ,13,,,,,
2-09-1000089-2010-08-19-1,2,09,1,1000089,8/19/10,8/8/17,"NL INDUSTRIES, INC.",BIZ,"ACF INDUSTRIES LLC, ET AL",BIZ,13,,,,,
5-3L-1603848-2016-04-28-1,5,3L,2,1603848,4/28/16,7/10/18,CONERLY,BIZ,"BP EXPLORATION & PRODUC, ET AL",BIZ,13,,,,,
5-3L-1610611-2016-06-16-1,5,3L,2,1610611,6/16/16,7/6/16,"BP EXPLORATION & PRODUC, ET AL",BIZ,CLAIMANT ID 100187857,IND,13,,,,,
5-3L-1302695-2013-06-26-1,5,3L,2,1302695,6/26/13,7/10/18,BEACH COMMUNITY BANK,BIZ,"BP EXPLORATION & PRODUC, ET AL",BIZ,13,,,,,
4-20-0101146-2001-04-05-1,4,20,7,0101146,4/5/01,2/9/05,DAVIS,BIZ,"IMC GLOBAL INC, ET AL",BIZ,13,,,,,
2-07-1105387-2011-11-03-1,2,07,2,1105387,11/3/11,8/27/14,BABYLON LANDFILL JOINT DEFENSE,BIZ,"1042 COLLISION REPAIRS, ET AL",BIZ,17,,,,,
2-09-0100085-2001-02-07-1,2,09,1,0100085,2/7/01,1/9/03,ROSEBOWL LANES,BIZ,"EXXON MOBIL, ET AL",BIZ,13,,,,,
4-23-8500113-1986-09-24-1,4,23,1,8500113,9/24/86,7/15/87,CLINCHFIELD COAL,BIZ,DOI,FED,0,,,,,
4-18-9700662-1997-06-18-1,4,18,2,9700662,6/18/97,11/23/98,BURLINGTON IND.,BIZ,"EL PASO NATURAL GAS, ET AL",BIZ,13,,,,,
2-05-1000580-2010-04-15-1,2,05,3,1000580,4/15/10,3/30/12,YANKEE GAS SVCS CO,BIZ,UGI UTILITIES INC,BIZ,9,,,,,
10-87-8902228-1989-12-22-1,10,87,5,8902228,12/22/89,11/2/90,OAKDALE FARM HOMEOWNERS,BIZ,"SKINNER, SAMUEL K.,",FED,13,,,,,
5-41-0300366-2003-09-17-1,5,41,2,0300366,9/17/03,6/13/04,"RECREATIONAL FISHING, ET AL",BIZ,"THE DEPARTMENT, ET AL",FED,12,,,,,
5-3L-1605005-2016-05-11-1,5,3L,2,1605005,5/11/16,10/14/16,"LINDA LABIN, INC.",BIZ,"BP EXPLORATION & PRODUC, ET AL",BIZ,12,,,,,
1-00-8700328-1987-10-16-1,1,00,1,8700328,10/16/87,2/7/90,"STINSON CANNING CO., INC.",BIZ,NATIONAL OCEANIC & ATMOSPHERIC,FED,17,,,,,
8-63-0290215-2002-05-08-1,8,63,4,0290215,5/8/02,5/10/02,DICO INC,BIZ,DES MOINES CITY OF,LOC,6,,,,,
3-12-0203360-2002-07-12-1,3,12,2,0203360,7/12/02,6/16/04,ROYCE ASSOCIATES,BIZ,"FEDERAL PACIFIC ELEC, ET AL",BIZ,13,,,,,
3-12-8703355-1987-08-17-1,3,12,1,8703355,8/17/87,2/1/91,INSURANCE COMPANY OF NORTH,BIZ,ANTHONY AMADEI SAND &,BIZ,1,,,,,
11-3C-8906822-1992-05-15-1,11,3C,0,8906822,5/15/92,10/29/93,NIGHTENGALE LIQUIDAT,BIZ,LONE STAR BUILDING C,BIZ,14,,,,,
11-27-9800578-1998-05-18-1,11,27,3,9800578,5/18/98,9/30/99,COLQUITT,BIZ,"RUSSELL CORPORATION, ET AL",BIZ,12,,,,,
5-3L-1503347-2015-08-07-1,5,3L,2,1503347,8/7/15,8/26/15,"BP EXPLORATION & PRODUCTION, I",BIZ,CLAIMANT ID 100277919,IND,13,,,,,
10-82-1901246-2019-04-29-1,10,82,1,1901246,4/29/19,9/12/22,"STONE, ET AL",BIZ,"HIGH MOUNTAIN MINING CO, ET AL",BIZ,9,,,,,
9-71-9101123-1991-04-12-1,9,71,3,9101123,4/12/91,9/6/91,UTAH STATE RETIREMENT,BIZ,BANK OF N.Y. TRUST CO.,BIZ,12,,,,,
9-77-9300039-1993-04-23-1,9,77,2,9300039,4/23/93,8/1/97,MONTANA RES INC,BIZ,A RICHFIELD CO,BIZ,13,,,,,
9-74-9200970-1992-06-25-1,9,74,3,9200970,6/25/92,7/12/93,SAN DIEGO HOSPICE,BIZ,"COUNTY OF SAN DIEGO, ET AL",LOC,18,,,,,
5-3L-1601723-2016-03-01-1,5,3L,2,1601723,3/1/16,3/15/16,"BP EXPLORATION & PRODUC, ET AL",BIZ,CLAIMANT ID 100180816,IND,13,,,,,
9-71-0020564-2000-05-19-1,9,71,5,0020564,5/19/00,5/30/06,MANANA WOODS MUTUAL,BIZ,"BP AMOCO CORPORATION, ET AL",BIZ,12,,,,,
5-42-0100639-2001-09-25-1,5,42,1,0100639,9/25/01,12/6/01,SOUTHWESTERN BELL,BIZ,PUBLIC UTILITY COMM.,LOC,6,,,,,
5-39-9200825-1994-09-12-1,5,39,4,9200825,9/12/94,5/19/95,MISSOURI PACIFIC RAI,BIZ,HARBISON-FISCHER MFG,BIZ,17,,,,,
6-47-9801216-1998-05-27-1,6,47,1,9801216,5/27/98,4/29/99,CONSOLIDATED RAIL,BIZ,AMER PREMIER UNDER,BIZ,13,,,,,
9-81-0205428-2002-08-26-1,9,81,3,0205428,8/26/02,10/17/06,GENERAL METALS OF TA,BIZ,"SUSSMAN, ET AL",FED,12,,,,,
3-13-8902417-1989-04-04-1,3,13,2,8902417,4/4/89,6/26/89,"DIXON WEAREVER, INC.",BIZ,"KAHN, JULIUS M.",FED,13,,,,,
3-12-8902649-1989-06-09-1,3,12,3,8902649,6/9/89,4/2/92,BOWEN ENGINEERING,BIZ,THE ESTATE OF R.T. REEVE,STA,6,,,,,
9-71-0401591-2004-04-23-1,9,71,3,0401591,4/23/04,3/24/05,AMERICAN INTERNATINAL SPECIALT,BIZ,UNITED STATES OF AMERICA,FED,6,,,,,
5-36-9404018-1994-07-01-1,5,36,6,9404018,7/1/94,3/11/02,MCDERMOTT INC,BIZ,"COOK CONSTR CO, ET AL",BIZ,13,,,,,
6-46-1801229-2018-11-01-1,6,46,1,1801229,11/1/18,1/1/00,INTERNATIONAL PAPER COMPANY,BIZ,"GEORGIA-PACIFIC CONSUME, ET AL",BIZ,-8,,,,,
11-3G-9200109-1992-11-12-1,11,3G,3,9200109,11/12/92,4/10/96,"GENERAL TIME CORP., ET AL",BIZ,"BULK MATERIALS, INC., ET AL",BIZ,5,,,,,
5-41-8700470-1987-02-11-1,5,41,4,8700470,2/11/87,3/21/88,SEMINOLE REFINING,BIZ,HATCHER ETAL,IND,3,,,,,
5-3N-9300998-1999-01-20-1,5,3N,3,9300998,1/20/99,3/8/99,UNIROYAL CHEM CO INC,BIZ,"DELTECH CORP, ET AL",BIZ,14,,,,,
5-3L-1804903-2018-05-14-1,5,3L,2,1804903,5/14/18,5/21/18,"BP EXPLORATION & PRODUC, ET AL",BIZ,CLAIMANT ID 100251666,IND,13,,,,,
5-3L-1802981-2018-03-20-1,5,3L,2,1802981,3/20/18,3/29/18,"BP EXPLORATION & PRODUC, ET AL",BIZ,CLAIMANT ID 100264025,IND,13,,,,,
5-3L-1602090-2016-03-11-1,5,3L,2,1602090,3/11/16,3/31/16,"BP EXPLORATION & PRODUC, ET AL",BIZ,CLAIMANT ID 100218301,IND,13,,,,,
10-85-9400098-1994-02-04-1,10,85,4,9400098,2/4/94,5/31/96,HORSEHEAD INDUSTRIES,BIZ,"ST JOE MINERALS, ET AL",BIZ,9,,,,,
6-44-9200006-1992-01-16-1,6,44,4,9200006,1/16/92,9/21/94,BARMET ALUM CORP,BIZ,FIRST NATL BK,BIZ,13,,,,,
8-63-1400045-2014-04-04-1,8,63,3,1400045,4/4/14,8/22/14,BNSF RAILWAY COMPANY,BIZ,"HOME OIL STATIONS, INCO, ET AL",BIZ,12,,,,,
4-16-9402612-1994-09-21-1,4,16,1,9402612,9/21/94,11/16/95,BLUMENTHAL POWER,BIZ,BROWNING-FERRIS,BIZ,13,,,,,
5-41-0400693-2004-02-24-1,5,41,4,0400693,2/24/04,6/15/04,THE BURLINGTON NORTH,BIZ,NORTRU INC,BIZ,13,,,,,
5-3L-1602096-2016-03-11-1,5,3L,2,1602096,3/11/16,3/31/16,"BP EXPLORATION & PRODUC, ET AL",BIZ,CLAIMANT ID 100272664,IND,13,,,,,
5-3L-1605305-2016-05-12-1,5,3L,2,1605305,5/12/16,10/12/16,"SANIBEL'S SEAFOOD, ET AL",BIZ,"BP EXPLORATION & PRODUC, ET AL",BIZ,12,,,,,
8-63-0090002-2000-01-07-1,8,63,3,0090002,1/7/00,3/28/02,RIERVIEW PARTNERS,BIZ,"ALLIED STRU STEEL CO, ET AL",BIZ,13,,,,,
9-72-0400882-2004-05-04-1,9,72,2,0400882,5/4/04,3/30/09,"EL COMITE PARA EL, ET AL",BIZ,"HELLIKER, ET AL",IND,14,,,,,
5-3L-1717755-2017-12-23-1,5,3L,2,1717755,12/23/17,1/10/18,"BP EXPLORATION & PRODUC, ET AL",BIZ,CLAIMANT ID 100038955,IND,13,,,,,
6-48-0700990-2007-09-28-1,6,48,2,0700990,9/28/07,4/29/09,MILL'S PRIDE L.P.,BIZ,"MILLER SALVAGE, INC.",BIZ,13,,,,,
5-3L-1806214-2018-06-24-1,5,3L,2,1806214,6/24/18,7/5/18,"BP EXPLORATION & PRODUC, ET AL",BIZ,CLAIMANT ID 100065410,IND,13,,,,,
3-13-9203565-1992-06-18-1,3,13,2,9203565,6/18/92,4/12/93,PENNA ENVIRONMENTAL,BIZ,CAMILLA HALL INFIRM,BIZ,12,,,,,
5-3L-1806403-2018-07-01-1,5,3L,2,1806403,7/1/18,8/3/18,"BP EXPLORATION & PRODUC, ET AL",BIZ,CLAIMANT ID 100265655,IND,13,,,,,
9-72-9805261-1998-03-09-1,9,72,1,9805261,3/9/98,5/7/98,"SAVE SAN FRANCISCO, ET AL",BIZ,"US DEPARTMENT OF INT, ET AL",FED,18,,,,,
5-3L-1604963-2016-05-10-1,5,3L,2,1604963,5/10/16,10/17/16,"JOYA CRUZ, LLC",BIZ,"BP EXPLORATION & PRODUC, ET AL",BIZ,12,,,,,
8-60-8900120-1989-06-20-1,8,60,3,8900120,6/20/89,8/8/89,ARK WATER WELL CONSTR COMM,BIZ,BUCK-A-RUE WELL DRILLING,BIZ,1,,,,,
4-20-0101140-2001-04-05-1,4,20,7,0101140,4/5/01,2/9/05,DAVIS,BIZ,"IMC GLOBAL INC, ET AL",BIZ,13,,,,,
6-49-0700055-2007-02-15-1,6,49,3,0700055,2/15/07,6/13/07,"SAVE CHILHOWEE MOUNTAIN, INC.",BIZ,"HARMONY PROPERTY GROUP, LLC",BIZ,13,,,,,
5-36-9201888-1992-10-09-1,5,36,1,9201888,10/9/92,2/8/96,CAVENHAM FOREST IND,BIZ,"LOUISIANA-PACIFIC CO, ET AL",BIZ,13,,,,,
9-81-9500877-1995-06-08-1,9,81,2,9500877,6/8/95,6/12/96,"WA TRAILS ASSOC, ET AL",BIZ,"US FOREST SERVICE, ET AL",FED,6,,,,,
8-64-8700289-1987-12-14-1,8,64,5,8700289,12/14/87,3/21/88,PRES THE BURNTSIDE SPIRIT,BIZ,CHIEF OF US FOREST SVC,FED,6,,,,,
9-73-9912075-1999-11-22-1,9,73,2,9912075,11/22/99,9/18/00,"CONOCO INC, ET AL",BIZ,SANTA MONICA CITY OF,LOC,17,,,,,
9-71-0205651-2002-12-03-1,9,71,5,0205651,12/3/02,12/8/03,ARC ECOLOGY,BIZ,UNITED STATES DEPARTMENT OF TH,FED,6,,,,,
10-82-9601458-1996-06-14-1,10,82,1,9601458,6/14/96,7/12/96,CO ENVIRONMENT COAL,BIZ,BLM,FED,6,,,,,
5-3L-1502704-2015-07-17-1,5,3L,2,1502704,7/17/15,7/29/15,"BP EXPLORATION & PRODUCTION, I",BIZ,CLAIMANT ID 100231019,IND,13,,,,,
3-14-9800102-1998-01-26-1,3,14,1,9800102,1/26/98,6/8/98,"NAPILTONIA ACCOUNTAB, ET AL",BIZ,"FORD MOTOR COMPANY, ET AL",BIZ,14,,,,,
6-46-2000498-2020-06-03-1,6,46,1,2000498,6/3/20,1/21/22,"AIR LIFT COMPANY, ET AL",BIZ,GRAND TRUNK WESTERN RAILROAD C,BIZ,13,,,,,
0-90-0802212-2008-12-22-1,0,90,1,0802212,12/22/08,2/21/14,"COAL RIVER MOUNTAIN WAT, ET AL",BIZ,"KEMPTHORNE, ET AL",FED,6,,,,,
7-52-9403228-1994-05-25-1,7,52,1,9403228,5/25/94,3/14/96,"TRUCK COMPONENTS INC, ET AL",BIZ,"BEATRICE CO, ET AL",BIZ,6,,,,,
fjc_ID,CIRCUIT,DISTRICT,OFFICE,DOCKET,FILEDATE,TERMDATE,PLT,PLT_typ,DEF,DEF_typ,DISP,In sample?,Statute/s,Environmental case?,Short summary,
3-12-9003313-1990-08-17-1,3,12,2,9003313,8/17/90,9/24/93,PATERSON 54 REALTY CO.,BIZ,AIRWICK INDUSTRIES,BIZ,13,"No documents - cause was ""environmental cleanup expenses under 42:6901""",,,,
3-12-0704761-2007-10-02-1,3,12,2,704761,10/2/07,1/27/10,"MORGAN ADVANCED CERAMICS, INC.",BIZ,SAYRE,IND,13,1,CERCLA,Y,environmental clean up costs at contaminated site,
8-67-9100499-1991-09-06-1,8,67,8,9100499,9/6/91,9/9/92,DRAVO CORPORATION,BIZ,"ZUBER, ET AL",IND,17,No - not enough information/document,,,,
9-81-8900214-1989-02-17-1,9,81,2,8900214,2/17/89,6/1/89,BOEING COMPANY,BIZ,"NW STEEL ROLLING MIL, ET AL",BIZ,14,Cannot find case.,,,,
10-83-0902021-2009-01-16-1,10,83,2,902021,1/16/09,1/27/10,"AJB PROPERTIES, LTD.",BIZ,"ZARDA BAR-B-Q OF LENEXA, LLC.",BIZ,13,1,Federal Water Pollution Control Act,Y,discharge from restaurant into public sewage system,
8-66-9400698-1994-07-22-1,8,66,4,9400698,7/22/94,10/15/98,"ASARCO INC, ET AL",BIZ,"ANDALEX RESOURCES, ET AL",NGO,6,No documents,,,,
6-43-9700378-1997-09-05-1,6,43,5,9700378,9/5/97,8/31/99,"KY HEARTWOOD INC, ET AL",BIZ,"WORTHINGTON, ET AL",FED,13,No documents,,,,
10-89-8901023-1989-07-11-1,10,89,1,8901023,7/11/89,7/24/90,PLATEAU PARTNERSHIP,BIZ,ALBERTSONS INC ETAL,BIZ,13,Cannot find case.,,,,
5-3L-1803374-2018-03-29-1,5,3L,2,1803374,3/29/18,1/8/19,"BP EXPLORATION & PRODUC, ET AL",BIZ,CLAIMANT ID 100177225,IND,13,No documents,,,,
5-3L-1804972-2018-05-16-1,5,3L,2,1804972,5/16/18,5/29/18,"BP EXPLORATION & PRODUC, ET AL",BIZ,CLAIMANT ID 100238083,IND,13,1,Oil Pollution Act,,,
5-3L-1603891-2016-04-29-1,5,3L,2,1603891,4/29/16,7/11/19,"MONOLITH EMERALD COAST, LLC",BIZ,"BP EXPLORATION & PRODUC, ET AL",BIZ,14,1,Oil Pollution Act,,,
5-3L-1302908-2013-05-20-1,5,3L,2,1302908,5/20/13,7/11/19,"J. KEVIN CAMPBELL AGENCY, INC.",BIZ,"BP EXPLORATION & PRODUC, ET AL",BIZ,14,1,Oil Pollution Act,,,
2-08-9108459-1996-07-26-1,2,8,7,9108459,7/26/96,6/27/97,KLEIN,BIZ,"GRAND UNION COMPANY, ET AL",BIZ,13,No documents,,,,
7-58-9300885-1993-12-20-1,7,58,3,9300885,12/20/93,12/13/94,WASTE MANAGEMENT OF WISCONSIN,BIZ,BROWNING-FERRIS INDUSTRIES,BIZ,13,No documents,,,,
9-72-9000308-1990-05-18-1,9,72,1,9000308,5/18/90,6/29/92,TULARE CO AUDUBON,BIZ,SIERRA FOREST PROD,BIZ,13,Cannot find case.,,,,
7-52-0001808-2000-03-24-1,7,52,1,1808,3/24/00,1/14/04,BROWNING-FERRIS IND,BIZ,"PINGEL, ET AL",IND,13,1,CERCLA,,Disputing CERCLA liability,
6-48-9500654-1995-06-28-1,6,48,2,9500654,6/28/95,12/11/98,"BFGOODRICH CO INC, ET AL",BIZ,"MARTIN MARIETTA CORP, ET AL",BIZ,13,No documents,,,,
9-71-0202075-2002-04-29-1,9,71,3,202075,4/29/02,6/28/02,"BACCARAT FREMONT DEVELOPERS, L",BIZ,U.S. ARMY CORPS OF ENGINEERS,FED,12,No documents,,,,
10-85-1100252-2011-04-26-1,10,85,4,1100252,4/26/11,3/31/21,CYPRUS AMAX MINERALS COMPANY,BIZ,"TCI PACIFIC COMMUNICATI, ET AL",LOC,17,1,CERCLA,,,
0-90-1100521-2011-03-10-1,0,90,1,1100521,3/10/11,8/9/11,"BUILDING INDUSTRY ASSOC, ET AL",BIZ,"UNITED STATES DEPARTMEN, ET AL",FED,0,1,"NEPA, ESA, APA",Y,Designated critical habitat in conflict with regulatory process in law,
11-26-0200365-2005-02-01-1,11,26,2,200365,2/1/05,3/14/05,CAR WASH HEAD OF AL,BIZ,"STD 3 IN 1 CAR WASH, ET AL",BIZ,14,1,RCRA,Y,Previous car wash owner contaminated site,
7-52-0807326-2008-12-23-1,7,52,1,807326,12/23/08,3/19/12,"SNELLBACK PROPERTIES, LLC",BIZ,"AETNA DEVELOPMENT CORPO, ET AL",BIZ,13,1,RCRA,,,
0-90-9800171-1998-01-23-1,0,90,1,9800171,1/23/98,10/26/98,CEMENT KILN RECYCL,BIZ,"EPA, ET AL",FED,12,No documents,,,,
7-52-8905116-1989-06-27-1,7,52,1,8905116,6/27/89,7/17/92,GOODWILL ILLINOIS,BIZ,VALSPAR CORP,BIZ,13,1,RCRA,,,
2-07-9102413-1991-07-03-1,2,7,0,9102413,7/3/91,1/29/92,CHEMIAL POLLUTION,BIZ,ENVIRONMENTAL PROT.,FED,17,No documents,,,,
5-3L-1606062-2016-05-16-1,5,3L,2,1606062,5/16/16,10/17/16,"MAGICAL MOMENT WEDDINGS, ET AL",BIZ,"BP EXPLORATION & PRODUC, ET AL",BIZ,12,1,Oil Pollution Act,,,
9-77-8900103-1989-07-27-1,9,77,6,8900103,7/27/89,6/20/91,STATE EX REL ATL RICHFIELD ETA,BIZ,DEPT OF HLTH&ENVIRON SCIENCE,FED,3,Cannot find case.,,,,
10-83-1802402-2018-08-08-1,10,83,2,1802402,8/8/18,3/26/19,RAYTHEON COMPANY,BIZ,"NCR CORPORATION, ET AL",BIZ,14,1,RCRA,,,
3-14-1300364-2013-02-12-1,3,14,4,1300364,2/12/13,8/28/14,"BLUEKNIGHT ENERGY PARTNERS, L.",BIZ,"KOCH MATERIALS COMPANY, ET AL",BIZ,12,1,CERCLA,Y,Recovery costs from other firm for contamination,
5-3L-1605018-2016-05-11-1,5,3L,2,1605018,5/11/16,3/25/19,"CRESTVIEW WHOLESALE BUI, ET AL",BIZ,"BP EXPLORATION & PRODUC, ET AL",BIZ,13,1,Oil Pollution Act,,,
9-80-9103079-1991-11-29-1,9,80,2,9103079,11/29/91,9/8/92,U-HAUL CO. OF INLAND,BIZ,"AMERICAN CYANAMID CO, ET AL",BIZ,14,No documents.,,,,
5-3L-1803771-2018-04-10-1,5,3L,2,1803771,4/10/18,1/9/19,"BP EXPLORATION & PRODUC, ET AL",BIZ,CLAIMANT ID 100126803,IND,13,1,Oil Pollution Act,,,
10-82-9201836-1992-09-16-1,10,82,1,9201836,9/16/92,12/9/92,"WESTERN CO CONGRESS, ET AL",BIZ,"LUJAN, ET AL",FED,12,No documents.,,,,
6-50-9100003-1991-01-03-2,6,50,1,9100003,1/3/91,11/1/91,"PHOENIX FOUNDATION, INC.",BIZ,TENNESSEE VALLEY AUTHORITY,PUB_ORG,12,Cannot find case.,,,,
9-74-9001012-1990-07-30-1,9,74,3,9001012,7/30/90,1/28/94,INSPIRATION CONSOL,BIZ,SAN DIEGO UNIFIED,LOC,12,No documents.,,,,
9-70-0001277-2000-07-06-1,9,70,3,1277,7/6/00,2/5/02,"GRAND CANYON PRIVATE, ET AL",BIZ,"ARNBERGER, ET AL",IND,13,Not enough information.,,,,
6-46-0500674-2007-10-22-1,6,46,1,500674,10/22/07,3/24/10,"ITT INDUSTRIES, INC.",BIZ,"BORGWARNER, INC.",BIZ,9,1,CERCLA,Y,Cost recovery at two sites under CERCLA,
6-48-8900035-1989-01-13-1,6,48,1,8900035,1/13/89,2/20/90,ALBRIGHT & WILSON AMERICAS INC,BIZ,NL INDUSTRIES INC,BIZ,13,No documents.,,,,
3-13-0102822-2001-06-08-1,3,13,2,102822,6/8/01,11/15/01,AMERICAN CANOE ASSOC,BIZ,"THE U.S. ENVIRON., ET AL",FED,0,No documents.,CWA,,,
9-72-9100760-1991-06-11-1,9,72,2,9100760,6/11/91,3/24/04,LINCOLN PROPERTIES,BIZ,"HIGGINS, ET AL",FED,5,1,CERCLA,,,
9-73-0100646-2001-05-22-1,9,73,8,100646,5/22/01,6/30/03,GROVE INVESTMENT CO,BIZ,"COLLINS RADIO CO, ET AL",BIZ,14,Not enough information.,,,,
5-3L-1702478-2017-03-24-1,5,3L,2,1702478,3/24/17,5/5/17,"BP EXPLORATION & PRODUC, ET AL",BIZ,CLAIMANT ID 100241161,IND,13,1,Oil Pollution Act,,,
9-80-9200236-1992-06-15-1,9,80,2,9200236,6/15/92,2/22/93,"WASHINGTON TROUT, ET AL",BIZ,SCAB ROCK FEEDERS,BIZ,14,Cannot find case.,,,,
5-3L-1605591-2016-05-12-1,5,3L,2,1605591,5/12/16,9/20/16,"DC9 ENTERPRISES, INC., ET AL",BIZ,"BP EXPLORATION & PRODUC, ET AL",BIZ,12,1,Oil Pollution Act,,,
9-71-9802966-1998-07-29-1,9,71,3,9802966,7/29/98,6/1/99,TISCORNIA,BIZ,"BABBIT, ET AL",FED,6,No documents.,,,,
5-3L-1302887-2013-07-24-1,5,3L,2,1302887,7/24/13,7/11/19,"CHICKEN FOOT DEVELOPMENT, INC.",BIZ,"BP EXPLORATION & PRODUC, ET AL",BIZ,14,1,Oil Pollution Act,,,
5-3L-1305143-2013-07-24-1,5,3L,2,1305143,7/24/13,7/11/19,"MJM MARINE, LP",BIZ,"BP EXPLORATION & PRODUC, ET AL",BIZ,14,1,Oil Pollution Act,,,
3-13-9205394-1992-09-16-1,3,13,2,9205394,9/16/92,6/30/95,SMITHKLINE BEECH COR,BIZ,ROHM AND HAAS CO,NA,9,1,CERCLA,,,
9-80-8900018-1989-01-06-1,9,80,2,8900018,1/6/89,3/8/89,KEY TRONIC CORP ETAL,BIZ,US,FED,12,Cannot find case.,,,,
5-3L-1803007-2018-03-20-1,5,3L,2,1803007,3/20/18,3/29/18,"BP EXPLORATION & PRODUC, ET AL",BIZ,CLAIMANT ID 100201617,IND,13,1,Oil Pollution Act,,,
9-72-8900205-1989-02-15-1,9,72,2,8900205,2/15/89,9/26/90,MATHIS PROPERTIES,BIZ,DONNA FITZPATRICK,FED,13,Not loading,,,,
9-73-9904930-1999-05-07-1,9,73,2,9904930,5/7/99,6/28/99,TOXIC INJURIES CORP,BIZ,"SAFETY-KLEEN CORP, ET AL",BIZ,1,Not loading,,,,
5-3L-1502670-2015-07-17-1,5,3L,2,1502670,7/17/15,7/29/15,"BP EXPLORATION & PRODUCTION, I",BIZ,CLAIMANT ID 100175998,IND,13,1,Oil Pollution Act,,,
9-70-9200296-1992-02-13-1,9,70,2,9200296,2/13/92,6/11/92,HECLA MINING COMPANY,BIZ,"CYPRESS MIAMI MINING, ET AL",BIZ,12,Cannot find case.,,,,
3-12-0800726-2008-02-11-1,3,12,3,800726,2/11/08,12/19/08,USAA CASUALTY INSURANCE COMPAN,BIZ,"BALASSONE, ET AL",BIZ,13,1,NJ state environmental law: Spill Act,,Case is federal because there is diversity of citizenship between the parties,
3-12-0302934-2003-06-19-1,3,12,2,302934,6/19/03,9/30/04,W & J STILLMAN REALT,BIZ,"SHELL OIL COMPANY, ET AL",BIZ,13,Not enough information.,,,,
4-20-9102996-1991-10-04-1,4,20,6,9102996,10/4/91,10/15/92,PLATT SACO LOWELL,BIZ,MAREMONT CORPORATION,BIZ,13,Not loading,,,,
5-3L-1503216-2015-08-04-1,5,3L,2,1503216,8/4/15,8/17/15,"BP EXPLORATION & PRODUCTION, I",BIZ,CLAIMANT ID 100086519,IND,13,Not loading,,,,
3-14-0000187-2000-02-01-1,3,14,4,187,2/1/00,10/24/00,"BALD EAGLE RIDGE PRO, ET AL",BIZ,"MALLORY, ET AL",FED,6,No documents.,,,,
7-57-9100374-1991-04-15-1,7,57,2,9100374,4/15/91,1/24/96,K A T REALTY CORP,BIZ,SIMMONS CO,NA,13,1,CERCLA,,,
9-70-9500628-1995-03-28-1,9,70,2,9500628,3/28/95,7/12/95,DON'T WASTE ARIZONA,BIZ,"BOARD OF SUPERVISORS, ET AL",BIZ,12,No documents.,,,,
6-47-9307486-1993-08-24-1,6,47,3,9307486,8/24/93,10/16/96,"CARGILL INC., ET AL",BIZ,"LIBBEY-OWENS FORD, ET AL",BIZ,14,1,CERCLA,,,
4-20-0101554-2001-04-05-1,4,20,7,101554,4/5/01,2/9/05,MILLS,BIZ,"IMC GLOBAL INC, ET AL",BIZ,13,1,CERCLA; Fair Housing Act,Y,Interesting case bringing in Fair Housing Act; summary: fertlizer plant polluting surrounding community.,
5-3L-1605983-2016-05-16-1,5,3L,2,1605983,5/16/16,11/10/20,SOCIEDAD COOPERATIVE BAJO DE C,BIZ,"BP P.L.C., ET AL",BIZ,17,1,Oil Pollution Act,,,
9-71-0203133-2002-06-28-1,9,71,3,203133,6/28/02,1/6/03,HAYWARD AREA PLANNING ASSOCIAT,BIZ,FLOWERS,FED,12,Not enough information.,,,,
4-17-9400064-1994-05-23-1,4,17,4,9400064,5/23/94,1/30/95,"DAVIS, ET AL",BIZ,"SPERBERG, ET AL",FED,12,No documents.,,,,
7-52-1207837-2012-09-30-1,7,52,1,1207837,9/30/12,5/24/19,CLEAN HARBORS SERVICES INC,BIZ,ILLINOIS INTERNATIONAL PORT DI,STA,13,1,CERCLA,Y,Cost recovery case under CERCLA,
11-28-1000395-2010-07-23-1,11,28,1,1000395,7/23/10,9/24/10,MOBILE FIXTURE & EQUIPMENT COM,BIZ,"BP, PLC, ET AL",BIZ,10,1,General lawsuit citing no statute,,"General environmental lawsuit not citing statutues, suing over oil spill in Gulf for negligence and injuries from environmental damage.",
11-26-9601511-1996-06-12-1,11,26,3,9601511,6/12/96,4/23/99,MONARCH TILE INC,BIZ,"FLORENCE, CITY OF",LOC,14,Not enough information.,,,,
9-71-9020701-1990-09-28-1,9,71,5,9020701,9/28/90,10/29/96,INTERSIL INC.,BIZ,WESTERN MICROWAVE INC.,BIZ,6,1,CERCLA,,,
5-3L-1606169-2016-05-16-1,5,3L,2,1606169,5/16/16,9/20/16,"ONLINE TITLE SERVICES, , ET AL",BIZ,"BP EXPLORATION & PRODUC, ET AL",BIZ,12,1,Oil Pollution Act,,,
5-3L-1603021-2016-04-13-1,5,3L,2,1603021,4/13/16,4/26/16,"BP EXPLORATION & PRODUC, ET AL",BIZ,CLAIMANT ID 100149329,IND,13,1,Oil Pollution Act,,,
9-72-1500798-2015-04-13-1,9,72,2,1500798,4/13/15,1/3/17,AIG SPECIALTY INSURANCE COMPAN,BIZ,"IRON MOUNTAIN MINES, IN, ET AL",BIZ,12,1,CERCLA,,,
8-63-0240352-2002-07-19-1,8,63,4,240352,7/19/02,2/14/05,TITAN WHEEL CORP IA,BIZ,US ENVIRONMENTAL,FED,17,1,APA; RCRA,Y,Firm bringing suit against agency for RCRA violation under the APA,
11-28-1200685-2012-10-30-1,11,28,1,1200685,10/30/12,6/24/13,COOPER MARINE & TIMBERLANDS CO,BIZ,"GULF COAST ASPHALT COMPANY, L.",BIZ,13,1,Oil Pollution Act,Y,Oil spill,
7-52-8802797-1988-03-31-1,7,52,1,8802797,3/31/88,4/17/89,WASTE MANAGEMENT OF ILLINOI,BIZ,US,FED,0,Cannot find case.,,,,
9-81-9605920-1999-02-16-1,9,81,3,9605920,2/16/99,3/16/99,"RESOURCE INVESTMENTS, ET AL",BIZ,"CORPS OF ENGINEERS, ET AL",FED,17,No documents.,CWA,,,
9-7--9201105-1992-09-22-1,9,7-,3,9201105,9/22/92,9/22/92,BARCOTT ETL,BIZ,TAPLF ETL,PUB_ORG,12,Cannot find case.,,,,
3-15-9001361-1990-08-17-1,3,15,2,9001361,8/17/90,2/1/91,CARNEGIE NATURAL GAS CO.,BIZ,TEXAS EASTERN TRANSMISSION,BIZ,13,No documents.,,,,
3-13-0101247-2001-03-16-1,3,13,2,101247,3/16/01,1/7/03,BIL-DRY CORPORATION,BIZ,UNITED STATES ENV.,FED,13,No documents.,,,,
9-77-0400107-2004-06-07-1,9,77,9,400107,6/7/04,6/25/04,"NATIVE ECOSYSTEM, ET AL",BIZ,"BOSWORTH, ET AL",FED,0,No documents.,,,,
2-08-9106672-1991-10-03-1,2,8,1,9106672,10/3/91,9/9/92,THE GATES RUBBER,BIZ,"UNIROYAL, INC., ET AL",BIZ,13,No documents.,,,,
5-3L-1502725-2015-07-20-1,5,3L,2,1502725,7/20/15,7/30/15,"BP EXPLORATION & PRODUCTION, I",BIZ,CLAIMANT ID 100256536,IND,13,1,Oil Pollution Act,,,
1-01-9310623-1993-03-19-1,1,1,1,9310623,3/19/93,2/1/94,"GREENWORLD,INC., ET AL",BIZ,"BROWN, ET AL",IND,14,No documents.,,,,
5-3L-1302511-2013-04-30-1,5,3L,2,1302511,4/30/13,4/19/16,"DESTIN RESOURCES, L.L.C.",BIZ,"BP EXPLORATION & PRODUC, ET AL",BIZ,12,1,Oil Pollution Act,,,
10-89-9900155-1999-07-21-1,10,89,2,9900155,7/21/99,11/2/01,"BIODIVERSITY ASSOC, ET AL",BIZ,"USFS, ET AL",FED,12,Not enough information,APA,,,
0-90-9601700-1996-07-22-1,0,90,1,9601700,7/22/96,10/19/99,"BARRY FARM RES. CNC., ET AL",BIZ,"UNITED STATES NAVY, ET AL",FED,18,1,RCRA,,,
3-12-8905046-1989-12-01-1,3,12,1,8905046,12/1/89,8/17/93,ROUSE & ASSOCIATES,BIZ,ANTHONY SIMEI,IND,13,No documents.,,,,
9-73-1900267-2019-01-11-1,9,73,2,1900267,1/11/19,1/1/00,SHELL OIL COMPANY,BIZ,"BCI COCA-COLA BOTTLING , ET AL",BIZ,-8,1,CERCLA,,Cost recovery and liability through CERCLA,
9-72-9205773-1992-11-13-1,9,72,1,9205773,11/13/92,7/9/97,CALCOT LTD,BIZ,THE VENDO COMPANY,BIZ,13,1,RCRA,,,
1-03-1900444-2019-08-23-1,1,3,1,1900444,8/23/19,12/9/21,PETERSON-PURITAN SITE OU2 REME,BIZ,"BROWN, ET AL",IND,12,1,CERCLA,,Environmental cleanup remediation expenses,
5-3L-1802975-2018-03-20-1,5,3L,2,1802975,3/20/18,3/29/18,"BP EXPLORATION & PRODUC, ET AL",BIZ,CLAIMANT ID 100260649,IND,13,1,Oil Pollution Act,,,
5-3L-1800437-2018-01-14-1,5,3L,2,1800437,1/14/18,1/31/18,"BP EXPLORATION & PRODUC, ET AL",BIZ,CLAIMANT ID 100249853,IND,13,1,Oil Pollution Act,,,
5-3L-1302766-2013-05-10-1,5,3L,2,1302766,5/10/13,4/19/16,"SURVEY VACATION RESORTS, INC.",BIZ,"BP EXPLORATION & PRODUC, ET AL",BIZ,12,1,Oil Pollution Act,,,
9-70-9600244-1996-04-19-1,9,70,4,9600244,4/19/96,10/31/96,RED HILL ENVIRONMENT,BIZ,"BLM, ET AL",FED,14,Not enough information,,,,
3-12-9800210-1998-01-15-1,3,12,2,9800210,1/15/98,9/24/03,RADBURN ASSOCIATION,BIZ,"BASF CORPORATION, ET AL",BIZ,13,1,CERCLA,,,
4-16-9103143-1991-11-01-1,4,16,1,9103143,11/1/91,2/28/94,"HRW SYSTEMS, INC., ET AL",BIZ,WASHINGTON GAS LIGHT,BIZ,13,1,CERCLA,,,
3-12-1606577-2021-02-01-1,3,12,2,1606577,2/1/21,1/1/00,"BRG HARRISON LOFTS URBA, ET AL",BIZ,"GENERAL ELECTRIC COMPAN, ET AL",BIZ,-8,1,CERCLA,,,
9-76-9700265-1997-06-13-1,9,76,1,9700265,6/13/97,4/7/98,"RIDDLE RANCHES, INC.",BIZ,"BABBITT, ET AL",FED,13,Not enough information,,,,
3-13-9205394-1996-12-17-1,3,13,2,9205394,12/17/96,4/21/97,SMITHKLINE BEECH COR,BIZ,ROHM AND HAAS CO,NA,14,1,CERCLA,,,
3-12-1203842-2021-06-23-1,3,12,3,1203842,6/23/21,1/1/00,"EPEC POLYMERS, INC., ET AL",BIZ,"NL INDUSTRIES, INC., ET AL",BIZ,-8,1,CERCLA,,,
5-3L-1605556-2016-05-12-1,5,3L,2,1605556,5/12/16,9/20/16,"PRIYANKA INVESTMENTS GR, ET AL",BIZ,"BP EXPLORATION & PRODUC, ET AL",BIZ,12,1,Oil Pollution Act,,,
4-22-9200506-1992-08-05-1,4,22,3,9200506,8/5/92,2/22/94,C & P,BIZ,"PECK IRON & METAL, ET AL",BIZ,13,1,CERCLA,,,
5-3L-1302653-2013-05-09-1,5,3L,2,1302653,5/9/13,7/11/19,SOUTHERN INDEPENDENT BANK,BIZ,"BP EXPLORATION & PRODUC, ET AL",BIZ,14,1,Oil Pollution Act,,,
0-90-0100871-2001-04-23-1,0,90,1,100871,4/23/01,2/14/05,"AMERICAN FOREST, ET AL",BIZ,"VENEMAN, ET AL",FED,18,Not enough information.,,,,
5-3L-1303022-2013-05-20-1,5,3L,2,1303022,5/20/13,7/11/19,"FREEPORT RVC, LLC",BIZ,"BP EXPLORATION & PRODUC, ET AL",BIZ,14,1,Oil Pollution Act,,,
7-52-9802693-1998-05-01-1,7,52,1,9802693,5/1/98,11/25/98,"COMED CO, ET AL",BIZ,TC IND INC,BIZ,13,1,CERCLA,,Environmental cleanup expenses,
2-06-0300438-2003-04-08-1,2,6,3,300438,4/8/03,5/14/07,NYS ELECTRIC & GAS,BIZ,FIRSTENERGY CORP.,BIZ,17,1,CERCLA,,Recoup costs for cleanup of contamination by prior owner,
9-72-9700822-1997-05-01-1,9,72,2,9700822,5/1/97,12/20/00,PIEDMONT LUMBER,BIZ,"PADILLA, ET AL",IND,13,1,RCRA,,,
9-7--9200203-1992-02-13-1,9,7-,3,9200203,2/13/92,9/24/96,"ARVIDSON, ROSE INDIVIDUA ET AL",BIZ,ALYESKA PIPELINE SERVICE ET AL,BIZ,17,No documents.,,,,
5-3L-1801714-2018-02-19-1,5,3L,2,1801714,2/19/18,3/9/18,"BP EXPLORATION & PRODUC, ET AL",BIZ,CLAIMANT ID 100249591,IND,13,1,Oil Pollution Act,,,
11-3G-9600187-1996-10-04-1,11,3G,1,9600187,10/4/96,11/4/97,T H AGRICULTURE,BIZ,"GOLD KIST, INC.",BIZ,18,No documents.,,,,
9-73-9400206-1994-03-01-1,9,73,8,9400206,3/1/94,3/2/94,CEDARS-SINAI MED CTR,BIZ,"ARCO, ET AL",BIZ,18,No documents.,,,,
11-3E-9300367-1993-12-23-1,11,3E,4,9300367,12/23/93,5/12/95,ENSCO ENVIRONMENTAL,BIZ,DALTON,LOC,6,1,RCRA,,,
9-71-0020564-2000-05-19-1,9,71,5,20564,5/19/00,5/30/06,MANANA WOODS MUTUAL,BIZ,"BP AMOCO CORPORATION, ET AL",BIZ,12,1,CERCLA,,,
3-11-9900609-1999-09-10-1,3,11,1,9900609,9/10/99,2/25/00,ELF ATOCHEM NA INC.,BIZ,"T H AGRICULTURE, ET AL",BIZ,14,1,CERCLA,,,
0-90-9102995-1991-11-18-1,0,90,1,9102995,11/18/91,3/31/92,L&F PRODUCTS DIV.,BIZ,"EPA, ET AL",FED,12,No documents.,,,,
9-7--9201078-1992-07-07-1,9,7-,3,9201078,7/7/92,5/24/94,CHENEGA CORP,BIZ,TAPLF,PUB_ORG,13,Cannot find case.,,,,
11-26-0301345-2003-06-05-1,11,26,1,301345,6/5/03,6/4/12,"SOLUTIA INC, ET AL",BIZ,"MCWANE, INC, ET AL",BIZ,14,1,CERCLA,,,
9-73-9700051-1997-02-18-1,9,73,5,9700051,2/18/97,3/15/04,LOCKHEED MARTIN CORP,BIZ,"US DEPT INTERIOR, ET AL",FED,13,Not enough information.,,,,
,,,,,,,,,,,,,,,,
,,,,,,,,,,,,,,,,
,,,,,,,,,,,,,67,,,
,,,,,,,,,,,,,26,,,
,,,,,,,,,,,,,93,,,